name,capacity_mw,latitude,longitude,primary_fuel
14 Tullywiggan Road,1.0,54.6221,-6.7398,Biomass
289 Finvoy Road,5.9,54.9638,-6.4930,Solar
30 Acres,4.965,53.2062,-1.1968,Solar
A C Shropshire (Farm AD),2.5,52.5860,-1.2375,Biomass
A'Chruach,42.6,56.1528,-5.3102,Wind
ABP Ellesmere Abbatoir,1.1,52.8543,-2.8986,Biomass
AMBLESTON SOLAR PANELS,6.0,51.8992,-4.8665,Solar
ANP Newport Wind Turbine,2.3,51.5559,-2.9738,Wind
Abbey Farm,9.0,52.4193,-0.2366,Solar
Abbey Fields Farm,5.3,51.3187,0.9029,Solar
Abbots Ann,7.0,51.1636,-1.5123,Solar
Abbots Ripton,24.66717,52.3787,-0.1982,Solar
Abbots Ripton Solar Farm (ext.),3.9,52.3726,-0.1943,Solar
Abbots moor Farm Anaerobic Digester (Farm AD),1.0,52.8390,-2.9300,Biomass
Abergelli,7.68222,51.7007,-3.9476,Solar
Aberporth Solar Farm,1.5,52.1234,-4.5632,Solar
Aberthaw B,1586.0,51.3873,-3.4049,Coal
Aberthaw GT,51.0,51.3875,-3.4068,Gas
Aberthaw Power Station Biomass,35.0,51.3875,-3.4066,Biomass
Abhainn Gleann Nam Fiadh,2.0,56.7839,-4.7711,Hydro
Achairn,6.2,58.4385,-3.2015,Wind
Achanalt,3.0,57.6108,-4.9160,Hydro
Achany,38.0,58.0019,-4.5000,Wind
Acharn Forest Killin Biomass Plant,5.6,56.4529,-4.3342,Biomass
Achlachan Wind Farm,10.0,58.4489,-3.4546,Wind
Advanced Manufacturing Research Centre,2.6,53.3876,-1.3779,Wind
Afton Wind Farm,50.0,55.3116,-4.1743,Wind
Agricultural Land at Trecastle,4.0,51.5238,-3.4252,Solar
Aigas,20.0,57.4574,-4.5453,Hydro
Aikengall,48.0,55.9172,-2.4901,Wind
Aikengall II  Wester Dod Community Wind Farm,60.8,55.9172,-2.4901,Wind
Airfield Farm (Podington) (Resubmission),8.6,52.2363,-0.6089,Wind
Airfield Farm PV,5.0,52.4746,0.9501,Solar
Airies Farm,35.0,54.8021,-4.6577,Wind
Airport Road West,1.2,54.6260,-5.8729,Biomass
Alan Bartlett & Sons Solar,1.2,52.4511,0.0379,Solar
Albrighton Solar farm,15.8,52.6395,-2.2507,Solar
Albury Landfill,1.5,51.2242,-0.4906,Waste
Aldi - Cardiff,1.5,51.5002,-3.1181,Solar
Aldi Distribution Centre,1.3,55.8787,-3.6482,Solar
Aldi Distribution Centre - Darlington,1.2,54.5485,-1.5739,Solar
Aldi Distribution Centre - Neston,1.2,53.2894,-3.0322,Solar
Aller Court Farm Solar Park,5.0,51.0576,-2.8652,Solar
Allerton Waste Recovery Park (EfW),27.0,54.0326,-1.3805,Waste
Allerton Waste Recovery Park (Waste AD),1.1,54.0326,-1.3805,Biomass
Allington EFW,51.0,51.2865,0.4904,Waste
Allt Cheanna Mhuir Hydro,1.3,56.9748,-5.1200,Hydro
Allt Dearg Wind Farmers LLP,10.8,55.9334,-5.4774,Wind
Allt Fionn - resubmission,2.1,56.3492,-4.7007,Hydro
Allt Garbh hydro,1.5,57.2559,-5.0186,Hydro
Allt Ladaidh Hydro,1.3,57.0604,-4.9225,Hydro
Alltwalis,23.0,51.8555,-4.3053,Wind
Alscot,1.6,52.1750,-1.6790,Biomass
Altahullion,26.0,54.9702,-6.9996,Wind
Altahullion Extension,11.7,54.9626,-7.0341,Wind
Altamuskin,7.1,54.5222,-7.0946,Wind
Altamuskin Extension,7.1,54.5128,-7.1113,Wind
Altaveedan Wind Farm,17.9,55.0847,-6.2578,Wind
Alveston Wind Park,6.9,51.5723,-2.4999,Wind
Amcor Flexibles,1.7,51.5224,-2.5266,Solar
An Suidhe,19.3,56.2187,-5.2194,Wind
Andershaw,36.3,55.5093,-3.8463,Wind
Andover Solar Farm,5.0,51.2112,-1.5364,Solar
Anthony Estate Solar Farm - resubmission,4.7,50.3502,-4.2498,Solar
Arden Quarry Landfill,3.1,53.3718,-1.9681,Waste
Ardley EfW,26.0,51.8813,-1.2304,Waste
Ardley Fields Farm Landfill Site,1.8,51.9433,-1.2086,Waste
Ardoch and Over Enoch Wind Farm (Ardoch),7.2,55.7200,-4.2537,Wind
Ardoch and Over Enoch Wind Farm (Over Enoch),4.3,55.7102,-4.2521,Wind
Ardrossan,24.0,55.6439,-4.8061,Wind
Ardrossan Extension,6.0,55.6439,-4.8061,Wind
Ardtalnaig Hydro Scheme (resubmission),2.0,56.5256,-4.1335,Hydro
Ardtornish Estate-Upgrade to existing,1.5,56.5583,-5.6873,Hydro
Ardwick Railway Goods Yard Incinerator (Newhaven EFW Plant),33.5,53.4740,-2.2079,Waste
Arecleoch,120.0,55.0688,-4.7971,Wind
Ark Hill,6.4,56.5709,-3.0481,Wind
Arkwright Solar Farm,8.0,53.2479,-1.3464,Solar
Arla Dairy Site,5.0,51.8206,-0.7382,Biomass
Arlesey Landfill Gas (Extension),2.3,52.0030,-0.2703,Waste
Arlesey Landfill Site,1.1,52.0017,-0.2767,Waste
Armistead Wind Farm,12.0,54.2760,-2.6388,Wind
Arna Wood Solar,6.2,54.0223,-2.8228,Solar
Arnish Moor,3.9,58.1766,-6.4383,Wind
Arpley Landfill Scheme 'A',7.9,53.3718,-2.6432,Waste
Arpley Landfill Scheme 'B',7.9,53.3718,-2.6432,Waste
Arreton A,4.0,50.6711,-1.2760,Solar
Artfield Fell,19.5,54.9704,-4.7746,Wind
Asfordby North,3.8,52.7832,-0.9359,Solar
Ashby,4.954,52.7227,-1.4853,Solar
Ashlawn Farm,6.8,51.2557,-2.9041,Solar
Askern,4.9737,53.6208,-1.1602,Solar
Aspatria,19.0,54.7780,-3.3241,Solar
Aspatria Creamery,5.0,54.7581,-3.3309,Biomass
Assel Valley,27.6,55.2265,-4.7787,Wind
Astley Solar Farm,5.0,52.4672,-2.3239,Solar
Aston House Solar Farm,20.0,52.8817,-1.7430,Solar
Atherstone,14.7,52.6131,-1.5590,Solar
Attlebridge Landfill Site,1.3,52.6999,1.1776,Waste
Auchadaduie Wind Farm,6.9,55.5447,-5.6602,Wind
Auchencarroch Landfill,2.1,55.9968,-4.5334,Waste
Auchencarroch Landfill Extension,2.0,55.9972,-4.5326,Waste
Auchinderran Wind Farm,2.4,57.5814,-2.6468,Wind
Auchinlea Landfill Site,2.3,55.8096,-3.9004,Waste
Auchrobert Wind Farm,36.0,55.6240,-3.9842,Wind
Austrey House Farm,1.5,52.6438,-1.5580,Biomass
Aveley,1.2,51.5040,0.2333,Waste
Aveley Landfill Scheme,2.1,51.5039,0.2348,Waste
Avenue Farm,7.3,52.5757,1.3890,Solar
Averhill Farm,5.0,53.1481,-1.3870,Solar
Avondale,4.0,55.9050,-3.9450,Waste
Avondale Quarry (Pilot),2.0,55.9903,-3.6789,Biomass
Avonmouth,6.5,51.5097,-2.6908,Biomass
Avonmouth Low Carbon Energy Facility - Phase 2,6.5,51.5097,-2.6908,Biomass
Avonmouth Port,6.0,51.5166,-2.7027,Wind
Avonmouth Port - extension,9.0,51.5029,-2.6988,Wind
Avonmouth Port II,5.0,51.5383,-2.6739,Wind
Avonmouth Wind Power,8.2,51.5115,-2.6735,Wind
Awre,5.0,51.7700,-2.4470,Solar
Ayshford Court Farm,5.0,50.9319,-3.3459,Solar
B&Q Swindon DC,2.5,51.5996,-1.7429,Solar
BAE Samlesbury Aerodrome,2.0,53.7709,-2.5782,Solar
BH Energy - Biogas (AD),2.1,54.6193,-5.7889,Biomass
BIOSSENCE SOLAR PARK,4.5,51.3202,0.4816,Solar
BMW UK Manufacturing Ltd,3.0,51.7328,-1.1947,Solar
BROWNIELEYS - 3 WIND TURBINES,7.5,56.8399,-2.3791,Wind
BV Dairy  (Farm AD),1.5,51.0112,-2.1828,Biomass
Babergh Home Solar Scheme,2.8,52.0486,0.9444,Solar
Bad a Cheo Wind Farm,26.7,58.4205,-3.4292,Wind
Badachro hydro scheme - resubmission,1.5,57.6778,-5.7076,Hydro
Baglan Bay CCGT,520.0,51.6145,-3.8352,Gas
Baglan Bay OCGT,32.3,51.5924,-3.7802,Gas
Baglan Bay Solar Farm - Phase 1,5.0,51.6094,-3.8295,Solar
Bagmoor,16.0,53.6277,-0.6672,Wind
Baillie,52.5,58.5679,-3.6770,Wind
Bake Farm Solar Park,4.99928,51.0483,-1.8335,Solar
Bakers Farm (solar),12.0,50.7644,-0.7931,Solar
Balcas Timber Biomass CHP Plant,2.5,54.3073,-7.6639,Biomass
Balderton,20.3,53.0480,-0.8107,Biomass
Baldovie,8.3,56.4867,-2.9028,Waste
Balhearty Solar,5.0,56.1430,-3.7120,Solar
Ballinderry Road Solar Phase 1 (Lisburn),13.5,54.5181,-6.0994,Solar
Ballinderry Road Solar Phase 2 (Lisburn),7.0,54.5132,-6.0883,Solar
Balls Wood Solar Farm,8.7,50.3497,-4.0370,Solar
Ballyboley Solar (Carrowdore),6.0,54.5716,-5.5692,Solar
Ballygarvey Road,13.0,54.8839,-6.2536,Solar
Ballylumford B,540.0,54.8450,-5.7870,Gas
Ballylumford B OCGT,116.0,54.8450,-5.7870,Gas
Ballylumford C,616.0,54.8428,-5.7853,Gas
Ballymena,4.6,54.8795,-6.2332,Wind
Balmurrie Fell Wind Farm,9.1,54.8725,-4.5165,Wind
Bambers,4.8,53.3213,0.2384,Wind
Bambers Farm,9.6,53.3213,0.2384,Wind
Bankend Rig,14.3,55.5783,-4.1342,Wind
Bann Road (Rasharkin),18.0,54.9592,-6.5147,Solar
Bann Road (Tullaghans Road),25.0,54.9985,-6.4404,Solar
Barkip Anaerobic Digestor (Waste AD),2.2,55.7181,-4.7186,Biomass
Barkip Landfill Site,1.2,55.7181,-4.7186,Waste
Barley Wood Farm Lane (Gaston Lane - resubmission),5.4,51.1147,-0.9782,Solar
Barling Hall Farm,2.4,51.5801,0.7928,Waste
Barlockhart Moor,8.2,54.8657,-4.7879,Wind
Barmoor,12.0,55.6373,-2.0251,Wind
Barn Farm - resubmission,4.2,51.9392,1.1364,Solar
Barnby Moor,4.0,53.3564,-0.9954,Solar
Barns of Ayre Wind Turbines (2),1.8,58.9217,-2.7156,Wind
Barnsley 1.5,9.0,53.5680,-1.5146,Biomass
Barr Farm Limited,1.88496,52.6691,-2.1267,Solar
Barrow,90.0,53.9915,-3.2983,Wind
Barry,235.0,51.4089,-3.2301,Gas
Barton Close Solar Park,4.61032,51.1539,-4.1740,Solar
Barton Solar Farm,1.2,50.9461,-3.3141,Solar
Barugh Farm,5.0,54.1751,-1.4955,Solar
Barvills Solar Farm (resubmission),5.0,51.4721,0.4234,Solar
Basin Bridge Farm,5.0,52.5614,-1.4184,Solar
Basingstoke Sewage Treatment Works,1.2,51.2917,-1.0343,Biomass
Bassingbourn Solar Farm,14.4,52.0701,-0.0423,Solar
Batsworthy Cross,18.45,50.9717,-3.6891,Wind
Battens Farm Solar Park,11.0,51.4820,-2.1650,Solar
Battlefield EfW,8.0,52.7426,-2.7272,Waste
Bay Farm,8.1,52.3163,0.4989,Solar
Beacon Hill,3.0,50.7546,-2.0297,Waste
Beaford Brook Solar Park,5.2,50.9217,-4.0387,Solar
Bears Down,9.6,50.4703,-4.9556,Wind
Beatrice,588.0,58.0882,-2.9502,Wind
Beatrice Demonstrator,10.0,58.2528,-2.8884,Wind
Beck Burn (resubmission),31.0,55.0107,-3.0263,Wind
Beckley Solar Farm,1.7,50.7618,-1.6798,Solar
Beckton Gas Pressure Reduction Station,19.0,51.5182,0.0885,Biomass
Beckton STW Biodiesel Power Plant,8.0,51.5178,0.0935,Biomass
Beckton STW Enhanced Sludge Digestion,5.8,51.5256,0.0799,Waste
Beckton Sewage Treatment Works,2.2,51.5256,0.0799,Wind
Bedborough,4.991,50.8173,-1.9243,Solar
Beddingham 'B' Landfill Scheme,7.5,50.8490,0.0513,Waste
Beddington EfW,26.0,51.3805,-0.1472,Waste
Beechgrove Farm,4.0,50.7904,-2.9226,Solar
Beeston Weir Hydro Scheme,1.7,52.9122,-1.2087,Hydro
Beinn Eagagach Hydro,1.1,56.6439,-3.8218,Hydro
Beinn Ghlas,8.4,56.3823,-5.2977,Wind
Beinn Tharsuinn,29.75,57.7882,-4.2482,Wind
Beinn Tharsuinn Windfarm Project,29.8,57.8053,-4.3290,Wind
Beinn an Tuirc 1,29.7,55.5732,-5.5874,Wind
Beinn an Tuirc 2,43.7,55.5732,-5.5874,Wind
Beinneun,85.0,57.0956,-4.9655,Wind
Beinneun Windfarm Extension,23.8,57.0956,-4.9655,Wind
Bellhouse Pit Landfill Scheme,2.7,51.8753,0.8198,Waste
Bellhouse South,3.9,51.8643,0.8293,Waste
Ben Aketil,27.6,57.4298,-6.4583,Wind
Ben Aketil Extension,2.6,57.4298,-6.4583,Wind
Ben Glas,1.3,56.3299,-4.7172,Hydro
Benbole,1.73901,50.5401,-4.7826,Solar
Bendealt Wind Farm  Highland,9.0,57.7055,-4.4267,Wind
Bennett Bank Landfill Site (lfg),2.2,54.1603,-3.2037,Waste
Bent Spur Solar Farm,5.0,53.5331,-2.3760,Solar
Bentham Farm,8.0,51.6055,-1.8987,Solar
Bentley Estate,4.7819,50.9335,0.1108,Solar
Bentley Estate 2,4.99608,53.1050,-2.4728,Solar
Bentwaters CHP,4.6,52.1299,1.4303,Biomass
Bentwaters Park,2.0,52.1300,1.4303,Biomass
Bentwaters Park (extension),1.8,52.1253,1.4428,Biomass
Berry Burn,66.7,57.4466,-3.4754,Wind
Berry Court Farm,4.2,51.3280,-1.1122,Solar
Berry Court Solar Farm - energy storage,1.0,51.3257,-1.1099,Storage
Berthlwyd Farm,5.0,51.5834,-3.3322,Solar
Berwick solar farm,8.2,50.8560,0.1748,Solar
Bessy Bell 1,5.0,54.7040,-7.4405,Wind
Bessy Bell 2,9.0,54.7050,-7.4265,Wind
Betton Abbots,1.3,52.6702,-2.7201,Waste
Betty Hill,5.0,58.5356,-4.1947,Wind
Bewick Drift,2.3,55.2152,-1.5572,Wind
Bhlaraidh (previously Balmacaan),110.0,57.2191,-4.5819,Wind
Bicker Fen,26.0,52.9379,-0.2178,Wind
Bidston Moss Landfill Scheme,2.3,53.4101,-3.0756,Waste
Bidwell Solar Farm - resubmission,5.0,50.4391,-3.7313,Solar
Biglis Farm,5.0,51.4233,-3.2395,Solar
Bilbster,3.9,58.4488,-3.2498,Wind
Billinge Hill Quarry Landfill Scheme,1.0,53.5062,-2.7176,Waste
Bilsham Farm,14.5,50.8138,-0.6357,Solar
Bilsthorpe,5.7408,53.1420,-1.0252,Solar
Bilsthorpe (Land off Forest Lane),5.0,53.1271,-1.0420,Solar
Bin Mountain Wind Farm,9.0,54.6414,-7.6054,Wind
Binn Landfill,1.9,56.3103,-3.3335,Waste
Binsted,4.9979,50.8338,-0.6061,Solar
Birch Airfield,5.6,51.8370,0.7886,Solar
Birkhall Estate,2.0,57.0045,-3.0814,Hydro
Birmingham Bio-Power Plant,10.3,52.4624,-1.8417,Biomass
Bishop's Waltham Solar Farm,12.0,50.9443,-1.2081,Solar
Bishops Sutton,12.0,51.0827,-1.1511,Solar
Bishopthorpe,16.4,53.5099,-0.0007,Wind
Blaby Solar Farm,3.5,52.5654,-1.1300,Solar
Black Bush Farm,2.7,52.5497,-0.1479,Solar
Black Dog,2.2,57.2205,-2.0604,Waste
Black Hill,28.6,55.7992,-2.4322,Wind
Black Law,124.2,55.7622,-3.7626,Wind
Black Law 2,55.42,55.7622,-3.7626,Wind
Black Law Extension - 1b,15.0,55.7622,-3.7626,Wind
Black Peak Farm,31.8,52.0782,0.0489,Solar
Black Rock,3.5,57.6692,-4.3504,Hydro
Blackawton Solar Farm,3.0,50.3641,-3.6421,Solar
Blackborough End Landfill Site,1.5,52.7032,0.4732,Waste
Blackburn,59.0,53.7500,-2.4833,Gas
Blackburn Meadows,33.0,53.4201,-1.3985,Biomass
Blackcraig,53.0,55.1199,-4.0321,Wind
Blackstone Edge,7.5,53.5433,-1.7062,Wind
Blackwell Grange Solar Farm,5.0,52.0879,-1.6673,Solar
Blaen Bowi Wind Farm,3.9,51.9971,-4.4413,Wind
Blaengwen (Re-Submission),23.0,51.9778,-4.2380,Wind
Blakenhall Park Solar Farm,1.8,52.7604,-1.7443,Solar
Blantyre Muir Wind Farm extension,7.5,55.7416,-4.0900,Wind
Blatchworthy,1.41246,51.1461,-4.1377,Solar
Blazer Fuels,3.0,53.1213,-3.3230,Biomass
Blenches Mill Solar Park,6.0788,51.2746,-2.1899,Solar
Bletchley Phase II,2.2,51.9791,-0.7653,Waste
Bloodhills - repowering,1.0,52.7070,1.6644,Wind
Bloxwich Battery,41.0,52.5901,-2.0100,Storage
Blue Gates Farm,1.5,51.8631,1.0042,Wind
Blue House,4.98,54.6326,-1.2684,Solar
Bluegates Solar Park,10.5,51.8607,1.0050,Solar
Blyth Harbour Wind Farm (re-power),3.4,55.1205,-1.4906,Wind
Blyth Offshore Wind Test Site,41.5,55.1670,-1.3644,Wind
Blyth T2,2.0,55.1254,-1.4952,Wind
Boardinghouse Wind Farm,10.3,52.5351,0.0606,Wind
Bobbing solar farm,11.3,51.3581,0.6889,Solar
Bodden,5.0,19.2905,-81.2453,Solar
Boddington Reservoir,1.5,52.1742,-1.2793,Wind
Bodmin,4.97684,50.4835,-4.7335,Solar
Bodorgan Solar Farm,12.6,53.1787,-4.4148,Solar
Bodtegir,1.5,53.0175,-3.4988,Wind
Bodwen Solar Park,5.5,50.4115,-4.7786,Solar
Bogenlea Farm,2.3,57.5663,-2.2999,Wind
Bolsovermoor Quarry,4.9979,53.2398,-1.2544,Solar
Bolton EfW,8.0,53.5670,-2.4076,Waste
Bolton Road Waste Treatment and Renewable Energy Facility (Waste AD),4.0,53.5080,-1.3157,Biomass
Bombardier Factory,3.8,54.6688,-5.9426,Solar
Bommertown Solar Farm,5.0,51.0189,-3.6846,Solar
Bonerbo Wind Turbines (resubmission),1.5,56.2594,-2.7467,Wind
Bonnyrigg,2.2,55.8865,-3.1255,Waste
Bootham Lane,1.2,53.5861,-1.0105,Waste
Bootham Lane Landfill,2.7,53.5897,-1.0089,Waste
Bootham Lane Phase 2,1.4,53.5861,-1.0105,Waste
Boscombe Airfield,12.3,51.1514,-1.7379,Solar
Boston Landfill Scheme,1.3,52.9522,0.0050,Waste
Bottom Plain,10.0,50.7127,-2.1654,Solar
Boulfruich,13.0,58.2999,-3.4434,Wind
Boundary Lane,6.0,54.8478,-1.9282,Wind
Bourne Farm,2.4,50.7756,-2.3952,Solar
Bourne Park (Solar),5.0,50.7779,-2.3943,Solar
Bourne Park AD (AD),1.1,50.7771,-2.3941,Biomass
Bowbeat (Emly Bank),15.6,55.7117,-3.1336,Wind
Bowbeat (Roughside),15.6,55.7117,-3.1336,Wind
Bowden Lane Solar Park,4.9896,50.9818,-2.4287,Solar
Bowerhouse Farm,8.3,51.3450,-2.8611,Solar
Bowmore,6.0,56.1833,-2.5667,Oil
Boxted Airfield,18.8,51.9431,0.9296,Solar
Boyndie,16.3,57.6607,-2.6518,Wind
Boyndie Airfield,16.7,57.6653,-2.6390,Wind
Brackagh Quarry,4.98,54.8112,-6.7082,Wind
Bradford Solar Park,5.3,50.7807,-4.4415,Solar
Bradgate Quarry Landfill Gas Scheme,2.5,52.6727,-1.2428,Waste
Bradwell,20.5,51.7098,0.8210,Wind
Braes of Doune Wind Farm,72.0,56.2698,-4.0589,Wind
Braevallich,2.2,56.2112,-5.2805,Hydro
Braich Ddu,3.9,52.5951,-3.9576,Wind
Bransholme Solar CIC,5.0,53.8085,-0.3158,Solar
Branston solar park,18.9,53.1813,-0.4736,Solar
Bratton Fleming Solar Farm,5.0,51.1252,-3.9249,Solar
Braydon Manor Farm,8.7,51.5885,-1.9362,Solar
Brazier Landfill Scheme,3.9,51.8157,-0.0560,Waste
Brechfa Forest West,57.4,51.9606,-4.1234,Wind
Bredbury Park Way - AD Stockport (Waste AD),2.0,53.4274,-2.1143,Biomass
Brenig Wind Farm (Resubmission),37.6,53.1090,-3.5031,Wind
Brenkley Landfill,1.9,55.0690,-1.6743,Waste
Bretby Power,1.6,52.7867,-1.5848,Waste
Briar Solar Farm,1.9,52.6452,1.2582,Solar
Brickyard Barn (resubmission),4.1,52.2506,-1.5558,Solar
Brigg Renewable Energy Plant (Re-submission),40.0,53.5423,-0.5096,Biomass
Bristol STW (Waste AD),10.0,51.5128,-2.6700,Biomass
British Sugar - Bury,5.0,52.2543,0.7270,Biomass
Briton / Neath,2.2,51.6431,-3.8325,Waste
Briton Ferry,2.0,51.6422,-3.8310,Waste
Broadgate Solar Farm,1.1,50.8523,-3.7396,Solar
Broadley Copse,2.2,50.8736,-0.8489,Biomass
Brockaghboy Wind Farm,37.5,54.9806,-6.7650,Wind
Brockaghboy Wind Farm - extension,10.0,54.8991,-6.8692,Wind
Brockhampton,4.2,51.9350,-2.0884,Solar
Brockholes Wind Cluster,2.4,55.8666,-2.2879,Wind
Brocklesby - Crosslands Lane,3.5,53.7782,-0.6639,Biomass
Brogborough Phase III,11.0,52.0517,-0.5868,Waste
Brogborough Phase IV,11.0,52.0553,-0.5867,Waste
Bromborough Dock,3.7,53.3480,-2.9806,Waste
Bromborough Dock Landfill Scheme,3.0,53.3561,-2.9796,Waste
Bromham House Farm,1.5,51.3917,-2.0373,Biomass
Bronwylfa Reservoir,3.0,53.0318,-3.0594,Solar
Broockhurst Wood,2.0,51.0892,-0.3522,Waste
Brook Farm,8.91036,51.8539,-1.1318,Solar
Brook Hall Farm (resubmission),4.7,51.2802,-2.2140,Solar
Brookbarn,3.63,50.8196,-0.5449,Solar
Brookfield Farm AD Plant (Farm AD),1.3,52.7752,-2.2312,Biomass
Brookhurst Wood (Waste AD),4.5,51.1028,-0.3263,Biomass
Brookhurst Wood Gas to Energy,5.1,51.1023,-0.3260,Waste
Broomhill,8.0,54.7502,-1.7607,Wind
Brotherton (formerly Paul Matthew Hill wind turbines),4.6,56.8147,-2.3718,Wind
Broughall Fields Farm,2.4,52.9625,-2.6624,Biomass
Broxburn,20.0,55.9192,-3.4554,Storage
Broxted Solar Park,31.59,52.1314,0.5172,Solar
Bruach Caorainn Hydro Scheme,1.1,56.1744,-4.5474,Hydro
Bruar Hydro Scheme,1.9,56.8315,-3.9299,Hydro
Bryn Du,16.4,52.4147,-3.7070,Wind
Bryn Pica AD / Tomorrow's Valley (Waste AD) - resubmission,1.0,51.7383,-3.4360,Biomass
Bryn Titli,10.0,52.3672,-3.5656,Wind
Bryn yr Odyn Solar Farm,15.0,53.2333,-4.4047,Solar
Brynpica Landfill Site,2.7,51.6579,-3.4832,Waste
Brynteg,14.78664,51.7128,-4.1781,Solar
Brynwhilach solar park,5.0,51.6866,-3.9582,Solar
Bu Farm,2.7,59.0973,-2.6601,Wind
Buckwell,8.0,51.6638,-2.8365,Solar
Bulls Head North,5.51304,52.1542,-0.8107,Solar
Bumpers 2,4.1,51.7478,-0.8948,Solar
Bumpers Farm Phase 1,5.0,51.7483,-0.8963,Solar
Bunn's Hill Solar Park,5.0,52.7984,1.3979,Solar
Burbo Bank,90.0,53.4882,-3.1849,Wind
Burbo Bank Energy Storage,2.0,53.4123,-3.0551,Storage
Burbo Bank Extension (Burbo Bank 2),258.0,53.4800,-3.2700,Wind
Burgar Hill,5.0,59.1176,-3.1492,Wind
Burgar Hill (land Near)  Evie,2.3,59.1176,-3.1492,Wind
Burghfield,45.0,51.4563,-0.9711,Oil
Burn of Whilk,22.5,58.3568,-3.2039,Wind
Burnfoot Hill,30.1,56.2091,-3.7728,Wind
Burnfoot Hill Extension,4.0,56.2154,-3.7689,Wind
Burnhead Moss,26.0,55.9121,-3.7748,Wind
Burnhills Landfill (L5),3.8,54.9560,-1.7579,Waste
Burnhills Landfill Scheme (L4),1.5,54.9560,-1.7579,Waste
Burnthouse Farm,6.21,52.5373,-0.0337,Wind
Burntstalk Solar Park,11.5,52.6732,0.6271,Solar
Burntstump Landfill Scheme,1.8,53.0441,-1.1289,Waste
Burradale Hill,3.7,60.1648,-1.2361,Wind
Burrowton Farm,5.0,50.7613,-3.4208,Solar
Burthy,13.08042,50.3609,-4.9461,Solar
Burton Farm,4.4,52.2135,-1.7372,Solar
Burton Pedwardine,8.99162,52.9722,-0.3555,Solar
Burton Pidsea (Wadworth Hill) Wind Farm,10.2,53.7492,-0.1135,Wind
Burton Wold Wind Farm - Northern Extension (resubmission),14.4,52.3616,-0.6518,Wind
Burton Wold Wind Farm South,7.5,52.3536,-0.6565,Wind
Burton Wold Windfarm,20.0,52.3608,-0.6431,Wind
Bury Green Farm Solar,5.0,52.4514,-0.1370,Solar
Bury Lane,22.21587,52.0796,0.0020,Solar
Buslingthorpe Power Station (Leeds North),2.0,53.8143,-1.5426,Biomass
Butchersfield Landfill Site,3.0,53.3977,-2.4842,Waste
Buttermilk Farm,1.1,51.9469,-0.0487,Biomass
Butterwick Moor Circuit 1,10.25,54.6652,-1.3750,Wind
Butterwick Moor Circuit 2,10.25,54.6652,-1.3750,Wind
Bygrave Lodge Farm Anaerobic Digestion Facility (Farm AD),2.3,52.0025,-0.1428,Biomass
Bypass Nurseries Solar Farm,3.3,52.1024,-1.9201,Solar
Bystock Solar Farm,4.1,50.6473,-3.3825,Solar
CRAYSMARSH SOLAR FARM,1.8,51.3626,-2.0947,Solar
CRINACOTT SOLAR FARM (Pyworthy),6.7,50.7904,-4.4014,Solar
Caddington Solar Farm (Phase 1),3.0,51.8600,-0.4633,Solar
Caddington Solar Farm (Phase 2),5.0,51.8564,-0.4686,Solar
Cadland 2,3.01602,50.8095,-1.3599,Solar
Caegarw,3.9,51.5377,-3.7163,Solar
Caeremlyn Solar Farm,18.0,51.8279,-4.6334,Solar
Caergarw Farm,3.8,51.5401,-3.6997,Solar
Cairnborrow - resubmission,10.0,57.4639,-2.8992,Wind
Cairnhill Farm solar park,2.4,57.5603,-2.3723,Solar
Cairnmore Farm,2.6,57.3153,-2.8137,Wind
Cairnmore Solar Park,3.8,57.3086,-2.8272,Solar
Cairnmore Solar Park (extension),1.2,57.3081,-2.8238,Solar
Caldecote Manor Farm,5.0,52.2104,-0.2071,Solar
Calder Water Community Wind Farm,28.0,55.6374,-4.2119,Wind
Caledonian Papermill,26.0,55.5796,-4.6395,Biomass
Callagheen,16.9,54.4178,-8.0930,Wind
Calliachar,32.2,56.6277,-3.8761,Wind
Callington Solar Farm,6.4,50.5072,-4.3260,Solar
Calvert Phase II,11.2,51.9003,-0.9927,Waste
Camster,50.0,58.4087,-3.2715,Wind
Canada Farm,8.3,50.8378,-2.2282,Solar
Candles/Coalmoor Landfill,2.9,52.6660,-2.4997,Waste
Cannington Cold Stores,3.3,51.1444,-3.0969,Biomass
Canopus Farm,5.0,53.0099,-0.0550,Solar
Cantelupe Solar Farm,5.0,52.1721,0.0673,Solar
Canworthy Water,41.0,50.7035,-4.4906,Solar
Capel Grange Solar Park,6.6,51.1781,0.3596,Solar
Capel Landfill,1.0,51.1385,-0.3250,Waste
Capeland Farm,8.3,51.1312,-3.9082,Solar
Carcant Wind Farm,6.0,55.7648,-3.0176,Wind
Cardiff Organic Waste Treatment Project (resubmission),2.0,51.4772,-3.1365,Biomass
Cardiff Waste Water Treatment,5.5,51.4855,-3.1464,Waste
Carines Farm Solar Array,1.0,50.3833,-5.1111,Solar
Carlam Hill Education CIC,5.0,53.8085,-0.3158,Solar
Carland Cross RP,20.0,50.3509,-5.0306,Wind
Carloggas Farm Solar Park,8.3,50.3513,-4.8759,Solar
Carlton Farm Solar farm,5.0,52.8048,1.3987,Solar
Carn Hill,13.8,54.7313,-5.9118,Wind
Carn Vean,10.0,50.1799,-5.1875,Wind
Carnemough Farm Solar Park,7.0,50.3316,-4.9292,Solar
Carno,33.6,52.5494,-3.6082,Wind
Carno 'A' Wind Farm,16.8,52.5423,-3.5792,Wind
Carno 'A'and 'B' Wind Farm  (Extension),15.6,52.5423,-3.5792,Wind
Carnoch,1.35,56.6868,-5.5073,Hydro
Carousel Dairy AD Plant (Farm AD),1.5,51.2184,-1.1299,Biomass
Carr Farm (Farm AD),1.0,53.7485,-2.9288,Biomass
Carraig Gheal,46.0,56.3390,-5.2945,Wind
Carrington,900.0,53.4366,-2.4077,Gas
Carrington Farm AD,3.0,53.0709,-0.0531,Biomass
Carscreugh Renewable Energy Park,15.3,54.8591,-4.7280,Wind
Carsfad,12.0,54.9410,-3.9278,Hydro
Carsington,8.2,53.0845,-1.6336,Wind
Carver Hay  moss lane,2.5,53.7066,-2.7814,Solar
Cashlie,11.0,56.5431,-4.4651,Hydro
Cassington AD (Waste AD),2.1,51.7996,-1.3303,Biomass
Cassley,10.0,57.9768,-4.5832,Hydro
Castle Combe,15.32736,51.4936,-2.2174,Solar
Castle Eaton Farm,17.8,51.6491,-1.7907,Solar
Castle Pill - Repowering,3.2,51.7200,-5.0128,Wind
Castle of Auchry Farm,2.4,57.2828,-2.4477,Wind
Castlecraig,25.0,54.6309,-7.5872,Wind
Castleford,56.0,53.7259,-1.3626,Gas
Caswell Farm Solar Park,6.7,50.8878,-2.5962,Solar
Cathkin Braes,3.0,55.7971,-4.2153,Wind
Caton Moor Windfarm Repowering,16.0,54.0698,-2.6540,Wind
Cattlegate Farm Biogas (Farm AD),1.5,51.6960,-0.1116,Biomass
Causeymire,48.3,58.4435,-3.0854,Wind
Causilgey Solar Farm,5.0,50.2863,-5.1209,Solar
Ceannacroc,20.0,57.1582,-4.9317,Hydro
Cefn Betingau Farm,9.0,51.7942,-3.9437,Solar
Cefn Croes,59.0,52.4050,-3.7507,Wind
Celcon Blocks Ltd,2.0,53.6770,-1.0841,Wind
Cemmaes,15.3,52.6579,-3.6721,Wind
Cemmaes 'C' Wind Farm,15.3,52.6399,-3.6743,Wind
Chalcroft Solar Park,6.3,50.9494,-1.3079,Solar
Chalgrove Solar,21.34044,51.6705,-1.0597,Solar
Chamber 16 (Cold Store),1.2,52.7398,0.4204,Solar
Chancery Farm (Ardleigh),11.9,51.9104,0.9938,Solar
Chaorach Hydro,2.0,56.3944,-4.4925,Hydro
Chapel Farm,5.0,51.6130,-1.8167,Solar
Chapel Farm Landfill,3.0,51.6159,-1.8093,Waste
Chapel Hill,8.0,51.6423,-4.9484,Solar
Chapel Lane Parley Solar Farm Phase 1,20.0,50.7918,-1.8612,Solar
Chapel Lane Parley Solar Farm Phase 2,36.0,50.7959,-1.8563,Solar
Chapel Lane Parley Solar Farm Phase 3,4.0,50.8032,-1.8644,Solar
Chapman's Well,1.0,54.8518,-1.7320,Waste
Chard Solar Park,3.0,50.8859,-2.9434,Solar
Charity Farm - CfD,14.402485,52.8244,-2.8096,Solar
Charlesfield Biomass CHP Plant,10.0,55.5605,-2.6533,Biomass
Charlton Lane Eco Park (Waste AD),1.7,51.4045,-0.4407,Biomass
Chawton Farm Solar Farm,3.2,50.7350,-1.3020,Solar
Chediston Hall Solar Park,12.3,52.3522,1.4737,Solar
Chelker Reservoir,1.3,53.9624,-1.9142,Wind
Chelker Reservoir (Retention of Turbines),1.2,53.9624,-1.9142,Wind
Chelson Meadow 2,1.4,50.3709,-4.1161,Waste
Chelson Meadow Gas to Energy Scheme,1.8,50.3709,-4.1161,Waste
Chelveston Airfield,16.0,52.3027,-0.5253,Solar
Chelveston Airfield - extension,3.5,52.3021,-0.5196,Solar
Chelveston II,22.1,52.3050,-0.5300,Solar
Chelveston Renewable Energy Park - Solar Extension,19.5,52.3041,-0.5286,Solar
Chelveston Renewable Energy Park Wind Farm (Bedford),10.0,52.3076,-0.5373,Wind
Chelveston Renewable Energy Park Wind Farm (East Northamptonshire),12.5,52.3012,-0.5366,Wind
Chelwood Solar Farm,5.0,51.3484,-2.5157,Solar
Chelworth Industrial Estate Solar Park,1.0,51.6276,-1.8876,Solar
Cherry Tree Farm,5.0,53.2373,-1.3425,Solar
Chester Energy (East Woolley Farm),5.0,50.9235,-4.4863,Solar
Chickerell,45.0,50.6114,-2.4533,Oil
Chilton Cantelo Solar Park,4.997,50.9945,-2.6027,Solar
Chilton Energy Plant,18.0,54.6680,-1.5666,Biomass
Chineham ERF,8.0,51.2920,-1.0377,Waste
Chiplow,8.2,52.8569,0.6908,Wind
Chippenham,10.0,51.4600,-2.1247,Gas
Chisbon,10.1,51.8285,1.1847,Solar
Chisbon Solar Farm (Frowick Lane),13.0,51.8219,1.0873,Solar
Chittering,4.9934,52.3152,0.2177,Solar
Chittering Solar Farm,5.0,52.3181,0.2211,Solar
Chonais Hydro,2.0,57.4917,-5.2603,Hydro
Christchurch Energy,18.0,50.7555,-1.7502,Solar
Church Farm - Slapton,4.9848,51.8718,-0.6326,Solar
Church Hill,16.0,54.6540,-7.7128,Wind
Chynoweth Farm,2.9,50.3045,-5.0815,Solar
Cia Aig,3.0,56.9537,-5.0076,Hydro
Clachan,40.0,56.3000,-5.5833,Hydro
Clachan Flats,15.03,56.2881,-4.9429,Wind
Clann Solar Farm,1.4,50.4408,-4.7776,Solar
Clapham solar farm,7.5,52.1767,-0.4844,Solar
Clapton Farm Solar Park,5.0,51.0567,-2.3472,Solar
Claredown Farm,20.0,52.0707,0.6078,Storage
Clashindarroch,36.9,57.3665,-2.8661,Wind
Clawdd Ddu,13.521,51.7708,-4.0380,Solar
Clayhill Farm,10.0,51.9874,-0.4818,Solar
Claypit Moor Solar Farm (Lexham),7.9,52.7450,0.7758,Solar
Clearwell Farm - solar,2.0,51.5617,-3.0894,Solar
Cleator,10.0,54.5034,-3.5293,Storage
Cleave Farm,4.56435,51.0039,-4.1408,Solar
Clentrie Wind Farm (Gevens),6.9,56.1177,-3.2526,Wind
Cleveland Potash,6.0,54.5561,-0.8216,Storage
Clifton Hall,1.0,53.5207,-2.3146,Waste
Clifton Marsh Energy,3.3,53.7520,-2.8037,Waste
Clifton Marsh Wastewater Treatment Works,1.3,53.7511,-2.8259,Solar
Clifton Marsh Wastewater Treatment Works,3.2,53.7497,-2.8319,Solar
Clochnahill Wind Farm,5.2,56.9335,-2.2906,Wind
Clondermot Turbines,4.6,54.9679,-7.3129,Wind
Cloonty Wind Farm,12.0,55.1185,-6.3958,Wind
Clunie,61.2,57.5500,-2.6167,Hydro
Clyde Wind Farm,350.0,55.4416,-3.5427,Wind
Clyde Wind Farm Extension (Clyde 2),172.8,55.5041,-3.5479,Wind
Cnoc Donn Arnicle,15.0,55.5800,-5.5681,Wind
Coal Clough RP,16.0,53.7497,-2.1500,Wind
Coal Clough Wind Farm,9.6,53.7497,-2.1500,Wind
Cobbs Cross Solar Park,5.0,51.1124,-3.0371,Solar
Cockett Valley,4.0,51.6370,-4.0130,Solar
Cockhill Solar Farm,20.0,51.3315,-2.2240,Solar
Codford Biogas (Waste AD),1.5,51.1725,-2.0152,Biomass
Coire Na Cloiche Wind Farm,29.9,57.7696,-4.3732,Wind
Colchester STW,1.2,51.8759,0.9331,Waste
Cold Harbour,5.0,54.1698,-1.3156,Solar
Cold Northcott,6.6,50.6455,-4.5467,Wind
Coldham,16.0,52.6030,0.1149,Wind
Coldham,16.0,52.5972,0.0951,Wind
Coleshill STW (Waste AD),2.4,52.5190,-1.7116,Biomass
Collacott Farm,4.5,51.0534,-4.1253,Solar
Colnbrook Landfill,1.9,51.4890,-0.5280,Waste
Colpmans Farm,5.0,52.4056,-0.5611,Solar
Colsterworth Landfill Gas Project,2.6,52.8087,-0.6589,Waste
Coltishall 1,33.682,52.7551,1.3569,Solar
Colwick Industrial Estate (Farm and Food waste),2.0,52.9523,-1.0578,Biomass
Combermere Abbey,14.0,52.9994,-2.5962,Solar
Common Barn Wind Farm,6.2,52.2773,-0.2877,Wind
Common Farm,4.99,51.5353,-1.8036,Solar
Compton Bassett Landfill,2.0,51.4380,-1.9726,Waste
Condover (Green Farm),10.2,52.6569,-2.7298,Solar
Condover Airfield,12.3,52.6327,-2.7301,Solar
Congresbury Solar Farm,7.1,51.3501,-2.8246,Solar
Connahs Quay,1380.0,53.2317,-3.0815,Gas
Connaught Road,1.7,54.7661,-6.3071,Wind
Connon Bridge Landfill,1.0,50.4353,-4.5487,Waste
Connon Bridge Landfill Gas Project,5.2,50.4344,-4.5500,Waste
Coolkeeragh,408.0,55.0437,-7.2487,Gas
Coolkeeragh OCGT,53.0,55.0437,-7.2487,Gas
Coombe Farm,8.0,50.6582,-3.3934,Solar
Coombeshead Solar Farm,8.0,50.3860,-3.7664,Solar
Cooper House Farm,5.0,53.7664,-2.8762,Solar
Copley Farm,30.0,53.0222,-0.7353,Solar
Corby,401.0,52.5104,-0.6814,Gas
Corby Knowe,5.0,54.7902,-6.1778,Wind
Corkey,5.0,55.0436,-6.2873,Wind
Corkey Wind Farm Extension (Resubmission),2.5,55.0445,-6.2797,Wind
Corntown Farm,3.4,51.4796,-3.5305,Solar
Cornwall ERC,20.0,50.3725,-4.8894,Waste
Corriegarth,69.0,57.1901,-4.3596,Wind
Corriemoillie,47.5,57.6687,-4.7730,Wind
Coryton,800.0,51.5119,0.5079,Gas
Costessey Landfill Gas Project 2,2.0,52.6514,1.1940,Waste
Cotesbach Landfill Gas Project,2.3,52.4227,-1.2114,Waste
Cotgrave,4.9833,52.9180,-1.0500,Solar
Coton Park Solar Farm,2.7,52.7585,-1.5977,Solar
Cottam,2008.0,53.3040,-0.7815,Coal
Cottam Development Centre,395.0,53.3051,-0.7858,Gas
Cotton Farm,16.4,52.2615,-0.1952,Wind
Cottonmount Quarry,3.2,54.6820,-6.0171,Waste
Cour Wind Farm,20.5,55.6807,-5.4849,Wind
Coursers Farm AD Plant (Waste AD),3.0,51.7267,-0.2575,Biomass
Court Colman solar park,15.0,51.5227,-3.6187,Solar
Court Farm (Resubmission),8.5,51.6011,-2.8787,Solar
Courtstone Wind Turbine,2.3,57.3920,-2.2610,Wind
Coventry,4.5,52.3962,-1.4915,Waste
Cowdown Lane,40.0,51.1961,-1.4601,Solar
Cowes,140.0,50.7469,-1.2862,Gas
Cowie Biomass Facility,15.0,56.0769,-3.8639,Biomass
Cradley Heath,1.1,52.4686,-2.0820,Biomass
Craig Wind Farm,10.0,55.1641,-3.0690,Wind
Craig Wind Farm (Extension),2.5,54.8685,-5.0871,Wind
Craigahulliar Landfill Gas,1.0,55.1965,-6.6106,Waste
Craigannet Farm Wind Turbine,1.5,56.0455,-4.0685,Wind
Craigengelt,20.0,56.0543,-4.0497,Wind
Cranfield Airfield,1.0,52.0672,-0.6120,Solar
Cranford,1.1,52.3759,-0.6338,Waste
Cranham Golf Course Solar Park,2.6,51.5587,0.2827,Solar
Crannaford Solar Farm,12.5,50.7599,-3.4048,Solar
Crapnell Farm Solar Farm,5.4,51.2091,-2.5784,Solar
Creacombe Solar Farm,7.3,50.3332,-3.9763,Solar
Creathorne Farm  - Solar Farm,1.8,50.7956,-4.5451,Solar
Cregganconroe,13.8,54.6226,-6.9791,Wind
Cressing Solar Farm (Phase 1),5.0,51.8408,0.6011,Solar
Creswell Solar Park (resubmission),5.0,53.2558,-1.2074,Solar
Creyke Beck,49.9,53.7983,-0.4210,Storage
Crighshane,28.0,54.6399,-7.7526,Wind
Crimp,2.43,50.9119,-4.4881,Wind
Crockagarran,15.0,54.5502,-7.0168,Wind
Crockagarron Ext,2.5,54.5516,-7.0090,Wind
Crockandun,15.0,54.7395,-6.7719,Wind
Crockbaravally Wind Farm,7.5,54.5530,-7.0477,Wind
Crockbrack,2.0,54.6145,-6.9552,Wind
Crockdun,12.5,54.5689,-7.0494,Wind
Crockers Hele,1.3,50.8423,-4.0951,Solar
Croda Chemicals Europe,3.0,53.6823,-1.0072,Wind
Crook Hill (Revised Application - Calderdale MBC) 1 of 2,13.6,53.6681,-2.1117,Wind
Crook Hill (Revised Application - Rochdale MBC) 2 of 2,23.8,53.6705,-2.1148,Wind
Crookedstone,4.83184,54.6707,-6.1985,Solar
Cross Green ERF,11.6,53.7882,-1.5036,Waste
Cross Roads Plantation,5.0,50.9069,-1.8404,Solar
Crossness,1.50371,51.5080,0.1377,Solar
Crossness Sewage Works,5.7,51.5022,0.1421,Waste
Crossness Sewage Works Turbine,2.5,51.5022,0.1421,Wind
Crossways Solar Park,4.997,50.7000,-2.3243,Solar
Crow Trees Farm,4.8,53.1073,-1.2991,Solar
Crowmarsh Battle Farm (Farm AD),2.3,51.6110,-1.1033,Biomass
Crown Farm,6.0,52.6637,-1.3690,Solar
Croydon / Church Farm (Royston),16.5,52.1285,-0.0797,Solar
Cruach Mhor,29.75,56.0390,-5.1559,Wind
Cruachan,440.0,56.3940,-5.1150,Hydro
Cruachan,440.0,56.4112,-5.1135,Hydro
Crucis Farm,16.057,51.7241,-1.9132,Solar
Crugmore Farm,6.4,52.0918,-4.6206,Solar
Crundale / Fenton Home Farm (extension),5.9,51.8236,-4.9284,Solar
Crystal Rig,63.0,55.8830,-2.5075,Wind
Crystal Rig 2,138.0,55.8995,-2.5293,Wind
Crystal Rig 3,13.8,55.9264,-2.5345,Wind
Crystal Rig Extension II,20.7,55.9129,-2.5455,Wind
Cuaich,2.5,56.9562,-4.2110,Hydro
Cuckoo Grove Farm,7.5,51.8099,-5.0074,Solar
Cuileig Hydro Scheme,3.3,57.7633,-5.0392,Hydro
Culligran,17.0,57.3460,-4.7627,Hydro
Culligran Compensation Set,2.1,57.3460,-4.7627,Hydro
Culmhead Solar Farm (Resubmission),7.5,50.9261,-3.1280,Solar
Culworth,3.63639,52.1095,-1.2047,Solar
Cumbernauld BioPlant  (Waste AD),2.4,55.9704,-3.9575,Biomass
Curraghamulkin (Dooish Wind Farm),30.0,54.5778,-7.5141,Wind
Curryfree Wind Farm,15.0,54.9293,-7.3167,Wind
Cwm Derwyn Farm,5.0,51.4162,-3.3144,Solar
Cwmcaesingrug Farm,10.0,51.6351,-3.1698,Solar
Cwrt Henllys,4.99252,51.6214,-3.0794,Solar
DPD Distribution Centre,1.0,52.5068,-2.0090,Solar
Dagenham,2.3,51.5187,0.1508,Wind
Dalby,9.2,52.8065,-1.0343,Wind
Dalchonzie,4.0,56.3734,-4.0411,Hydro
Dale Farm,4.9,54.6538,-6.7392,Solar
Dalswinton,30.8,55.1841,-3.6506,Wind
Damhead Creek,805.0,51.4249,0.6014,Gas
Damhead Farm,2.5,55.8539,-3.9335,Wind
Danes Farm,3.3,53.3224,-0.6975,Solar
Danes Farm - extension,10.5,53.3224,-0.6975,Solar
Danes Moss Landfill Site,1.6,53.2404,-2.1453,Waste
Danes Moss Landfill Site (Extension),2.0,53.2404,-2.1453,Waste
Darracott Moor,2.6,50.9299,-4.5130,Wind
Dartmoor Bio Power,3.9,50.4514,-4.1128,Biomass
Daventry,1.0,52.2563,-1.1870,Biomass
Dean Group Business Park - Hartlepool,5.1,54.6477,-1.2058,Biomass
Deanie,38.0,57.5167,-4.9333,Hydro
Decoy Farm,5.0,52.6980,-0.1329,Solar
Decoy Farm (Farm AD),1.8,52.6969,-0.1371,Biomass
Decoy Farm House Solar Modules,6.0,50.8291,-0.6920,Solar
Deep Moor Gas to Energy,2.0,50.9722,-4.0994,Waste
Deepdale Farm,8.0,53.0276,-0.3991,Solar
Deephams Sewerage Treatment Works,3.0,51.6265,-0.0415,Biomass
Deeping,16.0,52.7326,-0.2257,Wind
Deerdykes Composting and Organics Recycling Facility (Waste AD),1.0,55.9704,-3.9575,Biomass
Deerplay Landfill Site,2.0,53.7509,-2.2199,Waste
Deeside,515.0,53.2332,-3.0547,Gas
Delabole (Repowering),9.2,50.6378,-4.7053,Wind
Den Brook,18.0,50.7801,-3.8666,Wind
Dengemarsh Road,1.0,50.9351,0.9099,Solar
Denhill,2.3,57.4112,-2.3410,Wind
Denzell Downs Windfarm,10.2615,50.4659,-4.9615,Wind
Derby Sewage Treatment Works,5.0,52.9081,-1.4131,Wind
Derriford Hospital,1.5,50.4167,-4.1137,Biomass
Derriton Fields Solar Farm,11.8,50.8026,-4.3678,Solar
Derrydarroch,1.9,56.8322,-5.0801,Hydro
Dersalloch,69.0,55.3043,-4.4882,Wind
Desford Solar Farm,5.0,52.6400,-1.2586,Solar
Deucheran Hill,15.75,55.6293,-5.5440,Wind
Deuchries,6.9,57.5907,-2.6157,Wind
Dewlay Cheese,2.0,53.8883,-2.7860,Wind
Diageo Biomass Energy Project,5.5,56.1897,-3.0559,Biomass
Didcot B,1470.0,51.6246,-1.2683,Gas
Didcot GT,100.0,51.6246,-1.2683,Gas
Dillington,5.4,50.9440,-2.8930,Solar
Dimmer Anaerobic Digestor (Waste AD),3.0,51.0801,-2.5561,Biomass
Dimmer Landfill Gas Scheme,2.3,51.0761,-2.5538,Waste
Dimmer Landfill Site,1.9,51.0752,-2.5538,Waste
Dinorwig,1800.0,53.1181,-4.1032,Hydro
Dinorwig,1728.0,53.1186,-4.1139,Hydro
Discovery Park,16.0,51.2839,1.3457,Biomass
Distington Landfill,1.8,54.6044,-3.5109,Waste
Docksway Landfill Scheme,2.0,51.5623,-3.0040,Waste
Dogsthorpe South Landfill Site,1.9,52.6015,-0.2222,Waste
Dogsthorpe South Landfill Site 2,1.4,52.6020,-0.2214,Waste
Dolgarrog,32.0,53.1912,-3.8426,Hydro
Dolmans Hill (Redbridge Farm) Solar Arrays,5.0,50.7504,-2.1031,Solar
Donich Water Hydro,1.4,56.1726,-4.8768,Hydro
Dorenell Wind Farm (Previously Site A and B Scaut Hill),177.0,57.3509,-3.1317,Wind
Dorket Head,2.8,53.0215,-1.1144,Waste
Dorking Battery Energy Storage System,6.0,51.2304,-0.3548,Storage
Double Arches Quarry Wind Turbine,1.5,51.9519,-0.6343,Wind
Double H Nurseries Biomass Plant,1.5,50.7508,-1.6781,Biomass
Douglas Water,3.0,56.2149,-5.1533,Hydro
Drakelow Solar Farm,5.0,52.7742,-1.6535,Solar
Drapers Farm Solar Park,6.0,51.8562,0.4983,Solar
Drax,1980.0,53.7356,-0.9911,Coal
Drax GT,75.0,53.7364,-0.9981,Gas
Drayton Manor Farm,25.0,52.2003,-1.7751,Solar
Drone Hill,28.6,55.8979,-2.2619,Wind
Droop Hill Wind Farm x,4.6,56.9229,-2.4007,Wind
Drumderg,36.8,56.6222,-3.2320,Wind
Drumduff,8.5,55.9043,-3.7790,Wind
Drumjohn,2.0,54.9410,-3.9278,Hydro
Drummond Moor Landfill,2.0,55.8822,-3.0774,Waste
Dryholme Farm (Farm AD),1.0,54.8563,-3.3586,Biomass
Dudgeon East,402.0,53.1175,0.6135,Wind
Dudley EfW,7.4,52.4998,-2.0854,Waste
Dummuie,12.3,57.4511,-2.6915,Wind
Dun Law 1,17.16,55.8065,-2.8460,Wind
Dun Law 2,29.75,55.7868,-2.8423,Wind
Dunbar,2.2,55.9725,-2.4566,Waste
Dunbar Power Plant,14.0,55.9747,-2.4604,Waste
Dundee,4.0,56.4836,-2.8938,Wind
Dungavel,26.0,55.6086,-4.0977,Wind
Dungeness B,1050.0,50.9133,0.9640,Nuclear
Dunkeswell Airfield,2.0,50.8645,-3.2270,Solar
Dunlop Landfill Gas Scheme,2.4,55.7319,-4.4763,Waste
Dunmaglass,94.1,57.2515,-4.2558,Wind
Dunmore,21.0,55.0687,-6.8890,Wind
Dunore,5.0,54.6810,-6.2310,Solar
Dunsfold,2.00056,51.1193,-0.5448,Solar
Dunsland Cross Wind Farm,7.5,50.8079,-4.2597,Wind
Dura Park Bynea Industrial Site,1.4,51.6676,-4.0897,Solar
Durrants Farm Solar,4.5,50.7099,-1.3664,Solar
Dyffryn Brodyn,5.4,51.9112,-4.5907,Wind
EFDA JJET Fusion Flywheel,400.0,51.6579,-1.2287,Storage
EPSRC Willenhall,2.0,52.5850,-2.0576,Storage
Eaglescliffe Solar Farm,5.0,54.5409,-1.3552,Solar
Eakring Solar Farm,11.9,53.1547,-1.0140,Solar
Earls Hall Farm,10.25,51.8092,1.1109,Wind
Earlsburn,37.5,56.0708,-4.0955,Wind
Earlseat,16.0,56.1737,-3.0813,Wind
Earlstoun,14.0,54.9410,-3.9278,Hydro
Eas a Ghaill,1.5,56.4044,-4.9250,Hydro
Easingwold,5.0,54.1482,-1.2324,Solar
East Appleton,4.98,54.3569,-1.6374,Solar
East Culkae,3.9,54.7900,-4.4450,Solar
East Dagenham Docks AD (AD),1.4,51.5212,0.1375,Biomass
East Fairlee,6.979,50.7106,-1.1375,Solar
East Farm,6.84288,51.1783,-2.0196,Solar
East Langford Farm,5.0,50.8701,-4.4271,Solar
East Lenham Solar Farm,6.6,51.2274,0.7119,Solar
East Midlands Airport,1.0,52.8262,-1.3427,Wind
East Midlands Distribution Centre,6.1,52.8505,-1.3576,Solar
East Youlstone,4.0,50.9173,-4.4465,Wind
Eastacombe,3.577,50.7730,-4.3353,Solar
Eastcroft EfW (Lines 1 & 2),9.0,52.9461,-1.1353,Waste
Easter Melrose Wind Energy Project,1.5,57.6606,-2.4175,Wind
Easter Tolmauds,1.6,57.1570,-2.6219,Wind
Easter Tulloch Wind Farm (Tullo Extension),25.0,56.8364,-2.3957,Wind
Ebbsfleet Farm Solar Farm,4.9,51.3157,1.3458,Solar
Ebbsfleet Solar Farm,5.0,51.3105,1.3389,Solar
Ebnal Lodge (resubmission),5.0,52.9001,-3.0152,Solar
Eccleshall Biomass,2.6,52.8746,-2.2467,Biomass
Eckland Lodge Farm,2.9,52.4584,-0.8430,Solar
Eco Composting,3.2,50.7860,-1.8569,Biomass
Ecotech,1.5,52.6567,0.6833,Wind
Ederline Hydro,1.9,56.1778,-5.3402,Hydro
Edinbane,41.0,57.4691,-6.4322,Wind
Edintore Wind Farm,18.0,57.5057,-2.9625,Wind
Edmonton,60.0,51.6163,-0.0404,Waste
Edwin Richards Landfill Scheme,1.8,52.4899,-2.0603,Waste
Efford Landfill (Newmilton),2.8,50.7577,-1.6682,Waste
Eggborough,1960.0,53.7116,-1.1269,Coal
Eggington,5.0,51.9245,-0.6115,Solar
Eglish Mountain,13.8,54.8838,-7.2136,Wind
Egmanton Solar Farm - resubmission,14.2,53.2113,-0.8798,Solar
Elan Valley Hydro Scheme,2.9,52.2946,-3.6144,Hydro
Elean,38.0,52.3979,0.1297,Biomass
Elginny Hill Resubmission,22.0,54.9326,-6.1929,Wind
Ellicombe Farm,1.4,50.8309,-3.7844,Solar
Elliot's Hill,5.0,54.7389,-6.1190,Wind
Ellough Solar Farm,14.88322,52.4340,1.6055,Solar
Ellough Solar Farm Phase Two,4.99,52.4388,1.6059,Solar
Elms Farm,29.0,51.6051,-1.4003,Solar
Elstow Landfill Site,1.8,52.1033,-0.4713,Waste
Elton solar farm,5.0,52.9481,-0.8477,Solar
Elwick,13.0,54.7005,-1.2898,Solar
Enderby Warren Phase II,4.9,52.5970,-1.2101,Waste
Energen biogas cumbernauld,2.4,55.9697,-3.9580,Biomass
Energy Works (Hull),25.0,53.7585,-0.3304,Biomass
Energy Works Hull - AD (Waste AD),3.0,53.7585,-0.3304,Biomass
Energy Works Hull - Wind Turbine,3.0,53.7585,-0.3304,Wind
Enfield,408.0,51.6625,-0.0225,Gas
Enfield Farm,2.0,50.7077,-3.4406,Biomass
EnviRecover,15.5,52.3264,-2.2131,Waste
Epwell,8.988,52.0665,-1.4658,Solar
Ermine Street Farm solar park,32.5,53.0152,-0.5214,Solar
Ernesettle Solar Farm,4.1,50.4118,-4.1823,Solar
Errol Estate,13.0,56.3677,-3.2771,Solar
Eshmore,6.9,54.5506,-6.9430,Wind
Esholt WWTW,3.0,53.8460,-1.7114,Waste
European Marine Energy Centre (EMEC),1.0,58.7329,-3.3248,Wave and Tidal
European Offshore Wind Deployment Centre (EOWDC) (Aberdeen Bay - Demonstration site),93.2,57.1462,-2.0728,Wind
Eveley,49.328,51.1076,-1.5302,Solar
Evermore Renewable Energy (CHP) / Lisahally Power Station,15.0,55.0346,-7.2512,Biomass
Ewe Hill I,13.8,55.1071,-3.3339,Wind
Ewe Hill II,20.7,55.1071,-3.3339,Wind
Exeter EfW,3.5,50.7035,-3.5222,Waste
Exning,30.276,52.2502,0.3486,Solar
Eye Suffolk,14.3,52.3334,1.1278,Biomass
Eynsham Solar Farm,13.2,51.7940,-1.4264,Solar
F M C Land  Pitreavie Business Park,1.5,56.0540,-3.4443,Wind
FMC Technologies,1.5,56.0564,-3.4466,Wind
FPV00411EN Bracknell Forest,4.7,51.4550,-0.6950,Solar
Fairburn,40.0,57.5329,-4.6315,Wind
Fairfield,6.5,54.5788,-3.5204,Wind
Fairoak Landfill,1.5,50.9632,-1.2823,Waste
Fairwinds,12.19689,51.5641,0.3896,Solar
Fall of Warness Tidal Demonstrator (EMEC),2.0,59.1399,-2.8057,Wave and Tidal
Fallago Rig,144.0,55.8313,-2.6880,Wind
Fambridge Road/Canewdon Road,5.0,51.6202,0.6974,Solar
Fanny House,4.942,54.0521,-2.8783,Solar
Fanny House Farm/Heysham Moss,1.5,54.0379,-2.8719,Wind
Far Marsh Farm (Resubmission),7.5,53.6775,-0.1141,Wind
Far Old Park Farm Wind Farm,4.6,54.1839,-3.1814,Wind
Farington Waste Recovery Park (Waste AD),1.9,53.7030,-2.7373,Biomass
Farnham Landfill,2.4,51.1956,-0.8279,Waste
Farr,92.0,57.3339,-4.1030,Wind
Fasnakyle Compensation Set,7.5,57.3272,-4.7946,Hydro
Fawley Waste to Energy Plant,8.6,50.8485,-1.3796,Waste
Felinfach,3.2,52.1972,-4.1689,Biomass
Fell View,4.258,53.7918,-2.6203,Solar
Fell View Farm (Phase 2),2.9,53.7915,-2.6236,Solar
Fellside CHP,180.0,54.4184,-3.4883,Cogeneration
Fen Farm,16.0,53.4233,0.0690,Wind
Fen Farm Solar Park,1.0,53.4233,0.0690,Solar
Fen Road Solar Farm,1.441,52.9658,-0.0717,Solar
Fenland Farm,18.4,52.3120,0.2220,Solar
Fenmarc Fenland AD Plant (Waste AD),1.5,52.5680,0.0621,Biomass
Fenton Home Farm,31.3,51.8195,-4.9189,Solar
Fernbrook AD Plant (Waste AD),1.5,52.4119,-0.7662,Biomass
Ferneylea Farm,1.5,55.9148,-2.4178,Wind
Ferrybridge Multi-fuel,79.0,53.7164,-1.2819,Biomass
Fferm Bryn Bachau,4.4,52.9075,-4.3340,Solar
Ffestiniog,360.0,52.9807,-3.9686,Hydro
Fforch Nest Wind Farm pt1,10.0,51.6110,-3.4947,Wind
Fforch Nest Wind Farm pt2,17.5,51.6065,-3.4960,Wind
Ffos Las,4.9968,51.7250,-4.2386,Solar
Ffynnon Oer,32.0,51.6830,-3.6287,Wind
Fibrepower  Slough,50.0,51.5244,-0.6277,Waste
Field House Solar / Hursley Road,7.0,51.0087,-1.3915,Solar
Fields Farm (Agden),4.997475,52.9957,-2.7248,Solar
Fieldscale,10.6,50.6772,-1.2454,Solar
Finlarig,16.5,56.2441,-4.2164,Hydro
Fiskerton Solar Farm,13.04248,53.2439,-0.4287,Solar
Five Oaks,8.7,51.0595,-0.4460,Oil
Five Oaks,4.8,51.0550,-0.4410,Solar
Fleetwood Water Treatment Works,1.3,53.9091,-3.0187,Solar
Flimby,6.15,54.6871,-3.5140,Wind
Flint Landfill Site Castle Park,2.0,53.2560,-3.1392,Solar
Flixborough Industrial Estate,5.0,53.6201,-0.6947,Solar
Flotta,1.8,58.8412,-3.0973,Wind
Folly Farm,13.1,51.8395,-0.7395,Solar
Folly Lane,1.0,52.7227,0.9224,Waste
Ford Farm (Ashurst),10.0,50.9428,-0.3223,Solar
Ford Farm Solar Farm,5.0,50.4796,-4.3783,Solar
Ford Motor Company Ltd (Extension),2.0,51.5287,0.1504,Wind
Forest Farm,3.0,50.9429,-1.2027,Solar
Forest Heath Solar Farm,5.0,52.2794,0.3914,Solar
Former Maghaberry Airfield,25.7,54.5058,-6.1863,Solar
Former Pluckley Landfill Site,1.0,51.1772,0.7553,Waste
Former Westhampnett Landfill,7.5,50.8474,-0.7433,Solar
Forss,2.0,58.5927,-3.5259,Wind
Forss Extension,5.2,58.5927,-3.5259,Wind
Foston,13.6,52.9961,-0.5975,Solar
Four Ashes EfW,23.0,52.6740,-2.1177,Waste
Four Burrows,6.3,50.2900,-5.1460,Solar
Four Burrows,4.5,50.3039,-5.1414,Wind
Four Burrows Farm  (Extension 2),6.3,50.2917,-5.1392,Solar
Four Burrows Solar farm (Extension 1),1.5,50.3039,-5.1383,Solar
Four Burrows Wind Farm,4.5,50.2889,-5.1374,Wind
Foxburrow Farm,8.0,52.0467,1.2846,Solar
Foxcombe Farm Solar Park,5.0,50.8024,-4.2937,Solar
Foxhall Landfill Site,1.2,52.0491,1.2639,Waste
Foyers,300.0,57.2618,-4.4835,Hydro
Foyers Falls,5.0,57.2461,-4.4901,Hydro
Fraisthorpe Wind Farm,29.7,54.0479,-0.2307,Wind
Francis Court,4.224,50.7668,-3.4657,Solar
Freasdail Wind Farm,22.5,55.7770,-5.4706,Wind
French Farm,4.025,52.6635,-0.1043,Wind
Frodsham Wind Farm Ltd,50.4,53.3006,-2.7689,Wind
Frog's Loke Solar Farm,5.0,52.7984,1.3979,Solar
Frome St Quintin,4.1,50.8300,-2.5610,Solar
Frying Down Copse Solar Farm,5.0,51.2142,-1.0694,Solar
Fullabrook Down Wind Farm,66.0,51.1569,-4.1027,Wind
Fullenton Solar Farm,4.2,51.1558,-1.4581,Solar
Furness Wind Farm/High Winds (Harlock Repowering),11.5,54.2091,-3.1476,Wind
G24 Innovations Turbine,2.3,51.5067,-3.1042,Wind
GDL Wymeswold Solar Farm/land off the A6006,6.1,52.8095,-1.0875,Solar
Gairnieston Farm,2.3,57.5936,-2.4240,Wind
Galawhistle,66.0,55.5396,-3.9754,Wind
Galloper Wind Farm,353.0,51.8800,2.0400,Wind
Gallowhill,1.8,59.2766,-2.9822,Wind
Gallymoor Landfill,2.9,53.8459,-0.7262,Waste
Galsworthy,9.2,50.9187,-4.2715,Wind
Galton Manor Solar Park,5.0,50.6699,-2.3064,Solar
Garbhaig Hydro Scheme,2.0,57.6813,-5.5196,Hydro
Garlaff Landfill,1.3,55.4297,-4.3041,Waste
Garlaff Landfill (Extension),3.0,55.4297,-4.3041,Waste
Garlenick,4.0,50.3069,-4.8851,Wind
Garn Solar Farm,7.4,51.4537,-3.3886,Solar
Garreg Lwyd,34.0,52.4131,-3.2841,Wind
Garrogie,2.4,57.1859,-4.4818,Hydro
Garves Mountain Farm,15.0,55.0018,-6.5649,Wind
Garvinack Farm Solar Park,7.0,50.2897,-5.1207,Solar
Gaultney Solar Park,20.5,52.4488,-0.7982,Solar
Gaur,7.9,56.6785,-4.5085,Hydro
Gawcott Fields Farm,9.2,51.9885,-1.0050,Solar
Gawnsmoss Cluster,2.4,57.6223,-2.6130,Wind
Gayton Le Marsh Wind Farm,16.4,53.3626,0.1660,Wind
Gedling,5.7408,52.9902,-1.0830,Solar
Gedney Marsh,12.0,52.8362,0.1068,Wind
Gelli Gron,3.596985,52.9348,-4.3540,Solar
Gelliargwellt Uchaf Farm AD,1.4,51.6645,-3.2693,Biomass
Ghuilbinn Hydro Scheme,2.0,56.8878,-4.5765,Hydro
Gib Lane (Aston Clinton solar park),24.2,51.8106,-0.7338,Solar
Gib Lane Solar farm (Extension),5.0,51.8274,-0.7363,Solar
Gilford Road,1.3,54.4105,-6.4131,Solar
Glanford,14.0,53.5411,-0.5056,Biomass
Glanford Brigg,150.0,53.5411,-0.5055,Gas
Glapwell,1.2,53.1999,-1.3099,Waste
Glapwell Power,2.0,53.1963,-1.3099,Waste
Glasgow Renewable Energy and Recycling Centre (Waste AD),5.0,55.8340,-4.2447,Biomass
Glass Moor,16.0,52.5186,-0.1088,Wind
Glass Moor 2,12.0,52.5186,-0.1088,Wind
GlaxoSmithKline (Waste AD),1.0,55.5945,-4.6302,Biomass
GlaxoSmithKline Wind Project,7.5,55.5979,-4.6339,Wind
GlaxoSmithKline Wind Project (Turbine 4),2.5,55.5929,-4.6182,Wind
Glebe,26.0,52.2510,-0.5860,Solar
Glebe Farm Solar Energy Park,15.0,52.2526,-0.5893,Solar
Glen App,22.0,55.0007,-4.9897,Wind
Glen Fyne 'Merk' Hydro,1.0,56.2380,-5.0681,Hydro
Glenbuck,9.2,55.0101,-6.4124,Wind
Glenbuck II,6.9,55.0101,-6.4124,Wind
Glenchamber,27.5,54.9634,-4.7543,Wind
Glenconway,18.4,54.9760,-7.0296,Wind
Glenconway 2 (formerly Altahullion Phase III),27.6,54.9705,-7.0348,Wind
Glendoe,100.0,57.1437,-4.6592,Hydro
Glenfiddich Distillery,1.5,57.4549,-3.1230,Biomass
Glenkerie,22.0,55.5385,-3.4205,Wind
Glenlee,24.0,54.9410,-3.9278,Hydro
Glenmoriston,37.0,57.1971,-4.8694,Hydro
Glens of Foudland,26.0,57.4253,-2.6361,Wind
Glenurquhart and Strathglass Wind Farm project,10.0,57.2791,-4.7511,Wind
Goathill Quarry Turbine,2.0,56.0864,-3.3203,Wind
Godley Water Treatment Works,3.0,53.4551,-2.0585,Solar
Godmanchester,3.0,52.3227,-0.1571,Waste
Golden Hill,6.2,51.6849,-4.9078,Solar
Goldenhaye Field Solar Farm,2.0,50.8739,-2.9058,Solar
Goldthorpe,1.5,53.5295,-1.3165,Solar
Goole Fields,33.0,53.6659,-0.8893,Wind
Goole Fields 2,34.85,53.6768,-0.8868,Wind
Goonabarn Farm Wind Turbines,1.0,50.3497,-4.9606,Wind
Goonhilly Downs Wind Farm,12.09,50.0504,-5.2002,Wind
Goonhilly Solar,4.51,50.0465,-5.2180,Solar
Goose Willow,14.1,51.6360,-1.3550,Solar
Goose Willow Farm,11.5,51.6359,-1.3569,Solar
Goose Willow Farm - extension,7.0,51.6330,-1.3488,Solar
Goosey Lodge Industrial Estate,16.0,52.0207,-0.5994,Biomass
Gordonbush,70.0,58.0595,-3.9591,Wind
Gordonstown,12.5,57.4619,-2.4828,Wind
Gore Cross - AD,2.2,50.6756,-1.2524,Biomass
Gortahurk Road,1.5,54.2195,-7.5402,Biomass
Gortfinbar,15.0,54.5440,-7.0197,Wind
Gosfield Airfield,12.6,51.9558,0.5797,Solar
Gover Farm Solar Park,8.0,50.2887,-5.1967,Solar
Gowy Landfill Site,1.6,53.2376,-2.8315,Waste
Gowy Landfill Site  Cheshire (Extension),6.0,53.2376,-2.8315,Waste
Grain CHP,1404.0,51.4444,0.7114,Cogeneration
Grain GT,56.0,51.4444,0.7114,Gas
Grain Harvesters Ltd,1.0,51.2667,1.2312,Solar
Grange,14.0,52.7506,0.1662,Wind
Grange Farm,5.80219,50.7110,-4.4233,Solar
Grange Farm,6.0,50.7131,-1.2600,Solar
Grange Farm (Avon),21.0,51.5397,-2.5227,Solar
Grange Farm (Lincolnshire),12.7,52.7460,0.0509,Solar
Grange Farm Solar Farm,4.9,51.0059,-3.2219,Solar
Grange Resubmission,12.3,53.6379,-0.7001,Wind
Grange Solar Farm,4.6,53.0282,-0.8145,Solar
Granox Biogas Plant,5.0,53.3525,-2.7467,Biomass
Grantham Solar Park,4.87872,52.9712,-0.7225,Solar
Granville Ecopark,3.0,54.4910,-6.8121,Biomass
Granville Landfill Site,1.4,52.7050,-2.4084,Waste
Granville Road Solar Farm,5.0,52.7091,-2.4123,Solar
Gravel Pit Farm (Resubmission),1.0,54.0200,-0.9579,Biomass
Gravel Works  Wasing Estate,5.0,51.3797,-1.1932,Solar
Great Blakenham EfW,20.0,52.1039,1.0984,Waste
Great Eppleton (ex NFFO),4.1,54.8273,-1.4272,Wind
Great Eppleton RO,4.1,54.8273,-1.4272,Wind
Great Glen Scheme,36.0,57.2016,-4.7213,Hydro
Great Hele Farm AD farm waste,1.3,51.0051,-3.8238,Biomass
Great Houndbeare Farm,10.0,50.7326,-3.3512,Solar
Great Knowles,2.915,50.8042,-4.3769,Solar
Great Orton,3.96,54.8706,-3.0720,Wind
Great Orton,4.0,54.8715,-3.0767,Wind
Great Seabrook Farm,5.0,51.8502,-0.6484,Solar
Great Wilbraham Solar Farm,38.1,52.1845,0.2699,Solar
Great Yarmouth,420.0,52.5839,1.7338,Gas
Greater Gabbard,504.0,51.9176,1.9284,Wind
Greatmoor EfW,22.0,51.9143,-0.9989,Waste
Greaves Solar Farm,5.0,54.2859,-2.6851,Solar
Green Croft Solar Farm,5.0,54.8476,-1.7367,Solar
Green Farm (resubmission),5.0,51.9119,1.1535,Solar
Green Knowes,27.0,56.2492,-3.6663,Wind
Green Rigg,36.0,55.1323,-2.1270,Wind
Green Waste Composting Facility (Waste AD),1.2,51.2168,-1.0653,Biomass
Green's Lodge Farm,2.0,52.7240,-1.3125,Biomass
GreenPark,2.0,51.4190,-0.9855,Wind
Greencroft Estate Turbines,4.0,54.8497,-1.7487,Wind
Greendykeside,4.0,55.9120,-3.9032,Wind
Greengairs Landfill Scheme Phase I,1.9,55.8152,-3.9405,Waste
Greengairs Landfill Scheme Phase II,1.9,55.9050,-3.9450,Waste
Greengairs Landfill Scheme Phase III,2.0,55.9050,-3.9450,Waste
Greengairs Landfill Scheme Phase IV,2.0,55.9050,-3.9450,Waste
Greengairs Landfill Scheme Phase V,2.2,55.9050,-3.9450,Waste
Greengairs Landfill Scheme Phase VI,2.2,55.9050,-3.9450,Waste
Greenhill Anaerobic Digestion Plant,1.0,50.7219,-1.2896,Biomass
Greenhill Croft,4.6,57.5946,-2.2011,Wind
Greenoakhill,3.9,55.8390,-4.1318,Waste
Greenvale AP Wind Turbine - resubmission,1.5,52.5207,-0.0046,Wind
Gremista Wind Farm,3.0,60.1924,-1.1671,Wind
Griffin,188.6,56.5812,-3.7338,Wind
Grove Farm (solar),3.5,51.0766,-3.2622,Solar
Grove Solar Park (Phase 1),5.0,50.9636,-1.4790,Solar
Grove Solar Park (Phase 2),11.0,50.9636,-1.4790,Solar
Grudie,2.0,57.6499,-5.4127,Hydro
Gruig,25.0,55.0188,-6.2857,Wind
Gunfleet Sands 1,108.0,51.7308,1.2180,Wind
Gunfleet Sands 2,65.0,51.7272,1.2459,Wind
Gunfleet Sands 3,12.0,51.7030,1.1919,Wind
Gwynt y Mor,576.0,53.4540,-3.6266,Wind
Gypsom Solar Farm,5.0,52.7397,-1.1161,Solar
HENDRA HOLIDAY PARK SOLAR FARM,1.2,50.3996,-5.0556,Solar
Haddo,4.6,57.4287,-2.3076,Wind
Hadley Farm,4.99698,52.9609,-2.7241,Solar
Hadley Farm (Orta Membury Solar Farm),17.0,51.4806,-1.5640,Solar
Hadlow Solar Park,18.92176,51.1869,0.3409,Solar
Hadyard Hill,119.6,55.2568,-4.7319,Wind
Hafod-Y-Dafal Farm,14.0,51.7258,-3.1582,Solar
Hafoty Ucha '2' and '3' Wind Turbine,2.6,52.9962,-3.5883,Wind
Hagshaw Hill (S15) Wind Farm  Lanarkshire,7.8,55.5554,-3.9203,Wind
Hagshaw Hill 1,15.6,55.5553,-3.9201,Wind
Hagshaw Hill 2,26.0,55.5666,-3.9203,Wind
Haigh Hall Solar Farm (Resubmission),5.0,53.7119,-1.5715,Solar
Hale Farm Solar,12.23156,50.7784,-1.8640,Solar
Halifax Farm,1.6,52.6398,-1.3252,Wind
Hall Farm,5.1,52.0529,-1.1533,Solar
Hall Farm  East Beckham,10.2,52.9134,1.1868,Solar
Hall Farm Routh,24.6,53.8737,-0.3609,Wind
Hall Farm Solar Farm (Newbold Verdon),5.0,52.6303,-1.3482,Solar
Hallburn Farm (resubmission),13.2,55.0096,-2.9153,Wind
Halsary Wind Farm,34.0,58.4309,-3.4444,Wind
Halse Farm,8.2,51.0517,-3.2126,Solar
Halstead Renewable Power Project (Waste AD),2.0,51.9421,0.6578,Biomass
Hameldon Hill Extension,6.0,53.7710,-2.3062,Wind
Hammar's Hill,4.3,59.0957,-3.0727,Wind
Hammerfest (EMEC),1.0,58.9628,-3.4937,Wave and Tidal
Hammond Court Farm,15.0,51.5389,-2.5314,Solar
Hampole Wind Farm,8.0,53.5766,-1.2550,Wind
Hamptworth,4.2,50.9660,-1.6750,Solar
Handley Park - resubmission,5.0,52.1079,-1.0207,Solar
Harbour Road,2.6,55.5471,-4.6814,Biomass
Harburnhead Wind Farm,51.7,55.8087,-3.5322,Wind
Hardingham Solar Farm,14.8,52.6041,1.0351,Solar
Hardingham Solar Farm - extension,5.2,52.6032,1.0304,Solar
Hare Hill,13.2,55.3628,-4.1263,Wind
Hare Hill (B),2.7,54.7616,-1.4151,Wind
Hare Hill 2,16.15,55.3628,-4.1263,Wind
Hare Hill RO,2.75,54.7616,-1.4151,Wind
Harestanes,136.0,55.2390,-3.5742,Wind
Harewood Whin Landfill Site,2.4,53.9576,-1.1724,Waste
Harlock Hill Wind Farm,2.5,54.2049,-3.1467,Wind
Harn Hill Quarry Landfill Site,2.6,51.5894,-2.5932,Waste
Hartlepool,1180.0,54.6341,-1.1801,Nuclear
Hatch Penn Farm PV,1.0,52.0212,-0.0136,Solar
Hatchlands Farm,5.2,50.4236,-3.7849,Solar
Haverigg 3,3.4,54.2040,-3.3245,Wind
Haverigg Repowering (Haverigg II),1.2,54.2040,-3.3245,Wind
Haverton Hill Incinerator,20.1,54.5945,-1.2602,Waste
Hawkers Farm,2.5,51.2256,-2.7641,Solar
Hawkers Farm (resubmission),9.5,51.2244,-2.7639,Solar
Hawksland Solar,3.1,50.5027,-4.8918,Solar
Hawton Wind Farm,9.0,53.0482,-0.8142,Wind
Hayford Farm,8.9,52.6895,-2.9445,Solar
Hayford Farm - extension,8.2,52.6868,-2.9420,Solar
Hayle Wave Hub (Test Site),23.0,50.2050,-5.4423,Wave and Tidal
Hazard Farm,6.4,50.4202,-3.7610,Solar
Hazlehead,6.0,53.5316,-1.7312,Wind
Heathfield 'A' Landfill,2.0,50.6992,-3.5589,Waste
Heathfield 'C' Landfill Scheme,2.2,50.5744,-3.6099,Waste
Heathlands,5.0,54.9444,-2.9786,Solar
Heathrow Airport Biomass CHP,1.8,51.4592,-0.4595,Biomass
Helland Meads - resubmission,1.2,51.0174,-2.9591,Solar
Hellrigg,9.2,54.8533,-3.3475,Wind
Henbury Quarry,3.684,50.7735,-2.0477,Solar
Hendai Farm,13.4,51.6745,-3.2765,Solar
Hendre Fawr Farm,11.6,51.7409,-3.5913,Solar
Henley Solar Farm,6.5,52.4861,-2.8034,Solar
Hewas Solar Farm,5.0,50.3414,-4.9303,Solar
Heysham 1,1155.0,54.0285,-2.9160,Nuclear
Heysham 2,1230.0,54.0285,-2.9160,Nuclear
Heysham South Wind Farm,7.5,54.0342,-2.8650,Wind
Heywood,4.2,53.5960,-2.1960,Solar
High Dyke (Mill Farm),5.0,52.8826,-0.5994,Solar
High Haswell Wind Farm,4.06,54.7875,-1.4312,Wind
High Heavens Landfill,1.9,51.6009,-0.7987,Waste
High Hedley I,2.4,54.7637,-1.7575,Wind
High Hedley II,5.2,54.7637,-1.7575,Wind
High Leas,6.5,53.3199,0.0947,Solar
High Meadow Farm,4.0,54.5912,-1.3775,Solar
High Penn Solar Park,9.6,51.4512,-1.9860,Solar
High Pow,3.9,54.7895,-3.1912,Wind
High Sharpley,2.6,54.8403,-1.3375,Wind
High Volts RO,5.5,54.6936,-1.3003,Wind
Highampton A,4.0,50.8172,-4.1164,Solar
Higher Bye,6.79059,51.1726,-3.3597,Solar
Higher Hatherleigh Solar Farm,3.5,51.0437,-2.4272,Solar
Higher Hatherleigh Solar Farm extension,1.5,51.0438,-2.4107,Solar
Higher Hill Farm (extension),1.5,51.0794,-2.6955,Solar
Higher Hill Solar Park,4.9864,51.0763,-2.6892,Solar
Higher Knapp Farm,1.5,51.0193,-2.9962,Solar
Higher Pirzwell Solar Farm,1.2,50.8745,-3.3154,Solar
Higher Tregarne Solar Farm,5.0,50.1217,-5.1351,Solar
Higher Trevartha Farm,3.0,50.4517,-4.4281,Solar
Highfields Farm (Braintree),2.8,51.8248,0.7195,Solar
Highfields Farm (Colchester),12.2,51.8248,0.7195,Solar
Highfields South Landfill Gas,1.0,52.6234,-1.9363,Waste
Highwood Lane,5.0,50.9900,-1.5059,Solar
Hill End Farm,2.8,51.3118,-1.1114,Solar
Hill Farm,5.0,51.9621,-1.3333,Solar
Hill Farm - Energy Barn,10.0,52.7279,-1.4589,Storage
Hill Farm Solar Park,10.2,50.6975,-1.1322,Solar
Hill Farm Solar Park (VoWH),14.8,51.6166,-1.3480,Solar
Hill Hall Farm,4.99896,51.9634,0.4035,Solar
Hill and Moor Landfill Scheme,3.4,52.1330,-2.0306,Waste
Hill of Auquhirie,6.9,56.9552,-3.1772,Wind
Hill of Balquhindachy extension,1.7,57.4724,-2.2410,Wind
Hill of Easterton,2.5,57.3761,-2.3933,Wind
Hill of Easterton Extension,2.0,57.3761,-2.3933,Wind
Hill of Fiddes,6.9,57.3109,-2.1096,Wind
Hill of Glaschyle Wind Farm,27.6,57.5105,-3.6156,Wind
Hill of Lybster,4.9,58.6024,-3.6881,Wind
Hill of Lybster (Extension),5.2,58.6024,-3.6881,Wind
Hill of Skilmafilly Cloffrickford (Denmore) Wind Farm,6.9,57.4535,-2.1647,Wind
Hill of Stroupster Windfarm,29.9,58.5793,-3.1324,Wind
Hill of Tillymorgan (Kirkton Farm) Wind turbines (resubmission),9.6,57.3441,-2.6104,Wind
Hill of Towie,48.3,57.6228,-3.3410,Wind
Hillhouse Farm,28.5,51.7357,-2.3624,Solar
Hillside Solar Farm,25.2,54.5601,-6.1807,Solar
Hillsmoor Solar Farm,1.2,50.8112,-4.0867,Solar
Himley Wood Landfill Site,4.4,52.5159,-2.1503,Waste
Hinkley Point B,955.0,51.2085,-3.1334,Nuclear
Hitchin,1.5,51.9769,-0.2980,Waste
Hoback Farm,13.1,52.1191,-0.0291,Solar
Hogsbrook Farm - Farm AD,1.0,50.6928,-3.3841,Biomass
Holbrook Community Renewable Energy Centre,6.5,53.3308,-1.3323,Biomass
Holiday Moss Gas to Energy II,1.4,53.5122,-2.7705,Waste
Holiday Moss Landfill Gas Scheme,2.9,53.5122,-2.7705,Waste
Hollamoor Farm (PV),2.0,51.0506,-4.0744,Solar
Hollies,2.6,53.1430,0.2411,Wind
Holly Farm Solar Park,5.0,50.6880,-2.3171,Solar
Holmside,2.75,54.8471,-1.6776,Wind
Holton Airfield,11.0,52.3606,1.5258,Solar
Holtwood Farm,5.0,52.8882,-1.8077,Solar
Holwell Hill,6.0,51.1983,-2.3840,Solar
Home Farm,6.7,51.4745,-3.2928,Solar
Home Farm (Merton - solar),18.3,51.8648,-1.1438,Solar
Homeland Solar Farm,13.2,50.8470,-1.8648,Solar
Homestead,3.9536,52.1026,-0.9232,Solar
Homestead Farm,10.7,50.6940,-1.4431,Solar
Honington Solar Farm,13.6,52.3396,0.7886,Solar
Hook Moor,10.3,53.8119,-1.3355,Wind
Hook Valley Solar Park,15.3,51.0486,-2.4349,Solar
Hope Solar Farm,7.3,50.2110,-5.3661,Solar
Hoplass Farm,10.0,51.6698,-5.0127,Solar
Hoprigshiels Community Wind Farm,6.9,55.9207,-2.3915,Wind
Hopton Road Industrial Estate,1.3,51.3713,-1.9676,Solar
Horam,8.11512,50.9313,0.2377,Solar
Horncliffe Quarry,1.0,53.6842,-2.2947,Waste
Horncliffe Quarry (Extension),1.0,53.6842,-2.2947,Waste
Hornsea 1 - Heron & Njord,1200.0,53.6815,1.4207,Wind
Horsacott Farm Solar Park,6.4,51.0642,-4.1088,Solar
Horton Landfill Site,2.0,50.8985,-0.2878,Waste
Houghton-le-Spring Landfill Site,3.0,54.8438,-1.4515,Waste
House O'Hill,5.0,57.6219,-2.0425,Wind
Howdon STW,6.0,55.0074,-1.4319,Waste
Howton,4.99968,50.4424,-4.2820,Solar
Huddlesford Farm,1.0,52.6839,-1.7755,Solar
Huggin's Hall,40.0,51.0936,0.5083,Storage
Hull Biomass Plant (Tansterne power station),22.0,53.8190,-0.1465,Biomass
Hullavington Solar Park,7.0,51.5431,-2.1651,Solar
Humber Gateway,219.0,53.3875,0.5006,Wind
Humphrey Group,5.0,52.3367,1.1266,Wind
Hunciecroft Farm,8.0,53.2601,-1.1878,Solar
Hungerford,4.474,51.2798,-0.8805,Solar
Hunstrete (Wilmington Farm),2.3,51.3516,-2.5039,Solar
Hunter's Hill,20.0,54.4390,-7.3415,Wind
Hunters Race Solar Park,9.3,50.8621,-0.7927,Solar
Hunterston B,965.0,55.7204,-4.8964,Nuclear
Hunterston Test Centre,13.0,55.7360,-4.8880,Wind
Huntingfield Solar Farm,4.4,52.6421,0.8481,Solar
Huntington Water Treatment Works,7.2,53.1696,-2.8661,Solar
Huntspill Level Solar Park,5.5,51.1943,-2.9620,Solar
Hurcott Copse Solar Farm,10.0,50.9373,-2.8660,Solar
Hurst Farm,5.0,51.7286,-2.5074,Solar
Hyde Farm,10.8,52.1763,-0.7033,Solar
Hydes,8.3,51.9380,0.3980,Solar
Hyndburn Wind Farm,24.0,53.7143,-2.3890,Wind
Hywind 2,1.0,57.5108,-1.8028,Storage
Hywind Scotland Pilot Park (Hywind 2) Demonstrator,30.0,57.5075,-1.4426,Wind
Iggesund Paperboard CHP Plant,49.0,54.6640,-3.5473,Biomass
Ikea Distribution Centre - resubmission,1.7,53.5406,-1.0314,Solar
Immingham,2.0,53.6133,-0.1860,Waste
Immingham Landfill Scheme,1.0,53.6133,-0.1860,Waste
Imperial Park,5.1,54.5822,-1.1850,Biomass
Ince Bio Power,21.5,53.2827,-2.8189,Biomass
Inchdairnie,2.0,56.1782,-3.2115,Biomass
Indian Queens,140.0,50.3955,-4.8996,Oil
Inishative,13.8,54.5669,-7.0096,Wind
Inner Dowsing,97.0,53.1880,0.4465,Wind
Inner Sound Phase 1A (MeyGen),6.0,58.7418,-3.1160,Wave and Tidal
Innerhadden Burn Hydro,1.4,56.6302,-4.1868,Hydro
Innerwick Hydro,1.0,56.6003,-4.3052,Hydro
Inver Hydro,2.0,55.8681,-6.0909,Hydro
Inverawe,25.0,57.0363,-5.6812,Hydro
Inverclyde Wind Farm (Corlic Hill),24.0,55.9185,-4.7289,Wind
Inverfarigaig,4.0,57.2799,-4.4550,Hydro
Invergarry,20.0,57.0721,-4.7740,Hydro
Invergordon Pellet Mill,5.0,57.7054,-4.1599,Biomass
Inverlael,2.5,57.8235,-5.0553,Hydro
Invervar Hydro - resubmission,1.2,56.6061,-4.1769,Hydro
Ipswich Hospital Energy Centre,2.6,52.0568,1.1979,Biomass
Iwade Solar Farm,1.7,51.3671,0.6542,Solar
Iwood Lane Solar Farm,8.0,51.3593,-2.7913,Solar
JG Pears' animal rendering facility,12.0,53.2138,-0.7981,Biomass
Jacks Lane,15.0,52.8841,0.6874,Wind
Jacksbank Wind Farm (Glenbervie),6.8,56.9399,-2.3866,Wind
Jaguar,5.1,52.6353,-2.1434,Solar
Jameson Road,4.3,53.9032,-3.0167,Waste
Javelin Park EfW,14.5,51.7925,-2.2907,Waste
Jordanston Solar Farm,5.0,51.6754,-4.7959,Solar
Jubilee Farm  Barnby Moor,5.0,53.3659,-1.0330,Solar
Judkins Landfill Scheme,2.7,52.5319,-1.4825,Waste
Judkins Landfill Site Phase 3,1.2,52.5319,-1.4811,Waste
K L Technologies Wind Turbine,1.5,52.7712,0.3857,Wind
K3 CHP Facility (Kemsley EfW),49.9,51.3669,0.7589,Waste
KELLAS WIND FARM,18.4,57.5677,-3.3960,Wind
KERNICK MICA DAM - SOLAR FARM,12.0,50.3534,-4.9043,Solar
Kaimes Landfill Site,2.4,55.8837,-3.3956,Waste
Keadby,68.0,53.6118,-0.7637,Wind
Keadby GT,25.0,53.5944,-0.7504,Gas
Keith Hill (resubmission),4.5,55.8173,-2.8255,Wind
Kelburn,28.0,55.7563,-4.8062,Wind
Kellygreen Farm,4.0,50.5629,-4.7479,Solar
Kelmarsh Wind Farm (Resubmission),12.5,52.4028,-0.9598,Wind
Keltneyburn Hydro,2.0,56.6139,-4.0027,Hydro
Kenardington Place Farm,7.0,51.0612,0.8125,Solar
Kencot Hill Solar Farm (revised application),37.0,51.7601,-1.6396,Solar
Kendoon,24.0,55.0736,-4.1408,Hydro
Kenninghall Solar Farm,7.99986,52.4329,0.9909,Solar
Kentish Flats,90.0,51.4606,1.0938,Wind
Kentish Flats Extension,49.5,51.4500,1.0800,Wind
Kentishes Solar Farm,5.0,51.9059,0.6024,Solar
Kernow Solar Farm,5.0,50.4298,-5.0054,Solar
Kerriers Solar Park,9.6,50.4424,-4.8164,Solar
Kerry Falls,1.25,57.7203,-5.6792,Hydro
Ketton Solar Farm,9.04046,52.6441,-0.5588,Solar
Ketton Solar Phase 2,3.0855,52.6441,-0.5588,Solar
Kia Ora Farm,1.8,50.8545,-3.4082,Solar
Kibblesworth Landfill Site,2.3,54.9026,-1.6039,Waste
Kilbraur,67.5,57.9924,-3.9787,Wind
Kilbraur Windfarm,47.5,58.0404,-4.0588,Wind
Kildrummy,18.4,57.2253,-2.7029,Wind
Kilgallioch wind farm,239.0,54.9885,-4.8017,Wind
Killan Farm Solar Array Extens,1.0,51.6265,-4.0459,Solar
Killingholme,600.0,53.6535,-0.2556,Gas
Kilmelfort,2.08,56.2727,-5.4897,Hydro
Kilmorack,20.0,57.4632,-4.5121,Hydro
Kiln Pit Hill,14.0,54.8860,-1.9144,Wind
Kilroot,520.0,54.7255,-5.7653,Coal
Kilroot OCGT,142.0,54.7251,-5.7643,Gas
Kilsby Landfill Scheme,1.0,52.3207,-1.1681,Waste
Kinblethmont,4.0,56.6150,-2.5987,Solar
Kinegar Quarry (resubmission),5.0,55.9348,-2.3637,Wind
King George Dock,9.0,53.7424,-0.2835,Biomass
King's Yard,3.0,51.5359,-0.0056,Biomass
Kingairloch,3.5,56.6214,-5.5289,Hydro
Kingmoor Park,5.0,54.9302,-2.9720,Solar
Kings Barn Farm - Energy Barn,10.0,50.8898,-0.3172,Storage
Kingsburn,15.0,56.0890,-4.1231,Wind
Kingsland Barton Solar Farm (resubmission),5.0,51.0181,-3.8650,Solar
Kingspan,1.8,53.2897,-3.2008,Wind
Kingspan Insulation Solar Installation,5.0,53.7944,-1.2259,Solar
Kingston Farm,5.0,51.3466,-2.2442,Solar
Kinlochleven Hydro Power Station,19.5,56.7146,-4.9634,Hydro
Kinmel 1 CIC,5.0,53.2868,-3.5252,Solar
Kinmel 2 CIC,5.0,53.2868,-3.5252,Solar
Kirkby Moor,4.8,54.2575,-3.1357,Wind
Kirkheaton,1.8,55.0865,-1.9890,Wind
Kirkless Power,2.1,53.5474,-2.5901,Waste
Kirkwall,16.0,58.9848,-2.9587,Oil
Kirton Solar PV Farm,3.2,52.9323,-0.0966,Solar
Knabs Ridge,16.0,53.9990,-1.6496,Wind
Knockcairn Road,6.5,54.6088,-6.1672,Solar
Knockworthy Farm Solar Park,4.6452,50.9853,-4.1224,Solar
Knolton Farmhouse Cheese Solar Farm,1.0,52.9588,-2.9559,Solar
Knostrop Sewage Treatment Works,4.0,53.7815,-1.4912,Biomass
Knottingley A,5.0,53.7028,-1.2423,Solar
Knottingley B,2.4,53.7028,-1.2423,Solar
Knowlton,11.541,51.2349,1.2649,Solar
Kype Muir Wind Farm,88.4,55.6327,-4.0361,Wind
L'Field Stewartby Landfill Site,10.7,52.0788,-0.5203,Waste
LADEHEAD FARM - WIND TURBINES,2.4,55.6495,-3.9221,Wind
LITTLE TREVEASE SOLAR PARK,5.3,50.1421,-5.1935,Solar
Laceby Solar Farm,27.1,53.5251,-0.1461,Solar
Lackford Estate Solar Park,20.9,52.2888,0.6110,Solar
Lackford Landfill Scheme,1.2,52.2923,0.6379,Waste
Lady Hole Farm,3.0,53.0089,-1.6909,Solar
Lains Farm,5.0,51.1987,-1.6116,Solar
Lairg,4.0,58.0287,-4.4146,Hydro
Lairg Wind Farm,7.5,58.0027,-4.3487,Wind
Lake Farm,5.0,51.4982,-2.0907,Solar
Lakeside EfW,37.0,51.4872,-0.5251,Waste
Lambrigg,6.5,54.3363,-2.6351,Wind
Lambs Hill,8.0,54.5462,-1.3263,Wind
Lamby Way Landfill Site,4.0,51.4983,-3.1222,Waste
Lancaster University (wind),2.0,54.0072,-2.7795,Wind
Land Adjacent Claypits Farm (a),5.0,51.8433,0.8050,Solar
Land Adjacent Claypits Farm (b) (Birch Estate),2.3,51.8450,0.8046,Solar
Land Adjacent to Thomas Swan and Co Ltd.,1.0,54.8548,-1.8143,Biomass
Land At  Actrees Farm,5.0,51.6815,-2.4194,Solar
Land At Bake Farm,5.0,50.4018,-4.3562,Solar
Land At Chiddinglye Farm,5.0,50.9985,-0.0670,Solar
Land At Court Farm,2.2,51.4979,-3.5174,Solar
Land At Cwm Bargoed,5.0,51.7461,-3.3172,Solar
Land At Debdale Lane,5.0,53.1602,-1.2161,Solar
Land At Ferry Farm,10.0,50.7577,-0.7845,Solar
Land At Guston Court Farm,5.0,51.1487,1.3283,Solar
Land At Potash Farm,7.0,52.0167,-0.8641,Solar
Land At Rymes Farm (Phase 1),6.9,51.9184,-2.3715,Solar
Land At Rymes Farm (Phase 2)/Grange Solar Farm,6.8,51.9200,-2.3737,Solar
Land At Swanland Road,5.0,51.6966,-0.2221,Solar
Land East Of Honeysome Road,4.6,52.4569,0.0393,Solar
Land East Of Wadbrook Farm,5.0,50.8117,-2.9590,Solar
Land East of Horton Road,8.5,52.2055,-0.7951,Solar
Land East of Lawn Lane,5.0,52.6405,-2.1418,Solar
Land East of White Horse Lane,5.0,52.6051,1.3064,Solar
Land NW Of Pickhill Bridge Farm,3.6,53.0242,-2.9255,Solar
Land North East Of Penrose Far,1.5,50.3767,-4.9570,Solar
Land North of Chiltern Greeen,5.0,51.8617,-0.3520,Solar
Land North of Sandhutton Lane,5.0,54.2370,-1.3985,Solar
Land North of the Wood at Averill Farm,5.0,53.1469,-1.3955,Solar
Land Off Folly Lane,5.0,53.1061,-0.0199,Solar
Land Off Ingarsby Lane,2.1,52.6337,-0.9985,Solar
Land On The East Side Of Fosse Way,10.0,52.2537,-1.4809,Solar
Land Opposite Tyn Y Pistyll,5.0,52.9874,-3.0704,Solar
Land Parcel North of Goddards,5.0,50.9770,-0.1684,Solar
Land South East Of Water Treatment Works Bridge End,1.5,54.9733,-2.0818,Biomass
Land South Of Bryn Cyrnau Isaf (resubmission),5.9,51.8338,-4.2807,Solar
Land South Off Ollerton Road,4.2,53.1874,-1.0553,Solar
Land South West Of Apollo Business Park,1.7,52.0794,-1.4169,Solar
Land South of Highfield House,5.0,54.1481,-1.2324,Solar
Land South of Knock Lane,4.0,52.1636,-0.9225,Solar
Land South of Pogmore Spinney,5.0,52.4985,-1.5989,Solar
Land To The East Of Back Lane,5.0,53.2267,-1.3743,Solar
Land To The North Of Dairy House Farm,3.4,53.1042,-2.5118,Solar
Land To The North Of Moor Farm,3.8,52.8045,-2.8657,Solar
Land To The South Of Todderstaffe,4.5,53.8233,-2.9621,Solar
Land West Of Hunger Hill Farm,5.0,54.5069,-1.4851,Solar
Land West Side of Axe and Cleaver Lane,5.0,51.2921,-2.2118,Solar
Land West of Parsonage Wood,4.2,50.7900,-4.3993,Solar
Land West of Roberts Wall Far,2.5,51.6712,-4.7464,Solar
Land adjacent to Church Road,3.5,51.5612,-2.6576,Solar
Land approx 75m South of 141,20.0,54.6863,-7.0886,Wind
Land at Ash Row Farm,5.0,53.7968,-1.2174,Solar
Land at Barnham,1.0,50.8226,-0.6514,Solar
Land at Beech Farm,4.6,51.6054,-1.7366,Solar
Land at Biggin Lane,5.0,52.4451,-0.1326,Solar
Land at Box Road,2.2,51.7184,-2.3606,Solar
Land at Carnegie Road,20.0,53.4199,-2.9276,Storage
Land at Darran Farm,2.6,51.6882,-3.1804,Solar
Land at Dayfields Farm,4.7,53.0269,-1.6572,Solar
Land at East Farm - extension,6.0,51.1751,-2.0110,Solar
Land at Five Oaks Farm,5.0,51.0463,-0.4342,Solar
Land at Gilley's Mill Dam,5.0,50.3942,-4.8455,Solar
Land at Grange Farm,1.1,53.3361,-0.5363,Biomass
Land at Green Farm,1.0,52.0181,-2.7700,Solar
Land at Heywood Grange,8.4,52.9970,-2.0604,Solar
Land at High Point Farm,4.5,52.3354,-2.4943,Solar
Land at Hill Farm,1.2,52.7250,-1.4457,Solar
Land at Ingles Hill Farm,3.0,52.7565,-1.4899,Solar
Land at Lostock Works (Northwich Facility),5.0,53.2638,-2.4824,Biomass
Land at Meadow Farm,5.0,52.5173,-0.9199,Solar
Land at Mill Farm,1.0,51.2291,-2.8218,Solar
Land at Morfa Camp,2.8,52.5900,-4.0967,Solar
Land at Newlands Farm,5.0,50.6278,-2.4948,Solar
Land at Oldstone Farm,5.0,50.3515,-3.6621,Solar
Land at Overside and Greenwellheads Farms,9.2,57.5822,-1.8993,Wind
Land at Poles Hole Farm,6.8,51.2903,-2.2314,Solar
Land at Pollington Airfield,5.0,53.6735,-1.0666,Solar
Land at Soho Farm,1.5,51.2311,-2.4367,Solar
Land at Stalbridge Park,5.0,50.9724,-2.3816,Solar
Land at Sutor Farm,5.0,51.0357,-2.3917,Solar
Land at Tangmere Airfield,5.0,50.8481,-0.7019,Solar
Land at Whatton Road,1.5,52.8280,-1.2870,Solar
Land at Woodhouse Farm,5.0,54.5350,-1.0758,Solar
Land at Wreay,5.0,54.8195,-2.8971,Solar
Land between Orton Park Farm,6.4,54.8753,-2.9876,Solar
Land east of Littledown Business Park,6.2,51.0195,-2.1882,Solar
Land near Ventonteague (Resubmission),2.3,50.3208,-5.0556,Wind
Land north of Ashton Road,4.0,51.3219,-2.1549,Solar
Land of Green Lane,5.8,52.8755,-1.7810,Solar
Land of coal pit lane,5.0,53.9275,-2.2596,Solar
Land off Ford Lane,4.7,51.3058,0.3443,Solar
Land off Hooklands Lane,5.0,50.9524,-0.3855,Solar
Land off Moss Land (resubmission),5.0,53.8457,-2.7596,Solar
Land off Moss Side Lane (resubmission),5.0,53.7750,-2.9298,Solar
Land south of Brick Kiln Road,5.0,52.5526,1.2496,Solar
Land to North West of Lodge Farm (Park Farm),4.0,51.6198,-2.9922,Solar
Land to the East of Burton Lane,2.6,52.8033,-1.1116,Solar
Land to the north and south of Cakers Lane (Wilsom),11.0,51.1424,-0.9501,Solar
Land to the south of Hill Farm (resubmission),6.8,52.2061,-0.9772,Solar
Land to the west of Ashfordby Business Park,3.5,52.7785,-0.9380,Solar
Land to the west of Clay Hill Pit / Larport Farm,20.0,52.0540,-2.6220,Storage
Land west of Welton Road,4.4,54.8089,-3.0022,Solar
Landmead Farm (East Hanney),46.0,51.6440,-1.3736,Solar
Lands West of Belfast Road,10.0,54.6356,-6.1148,Solar
Langage,905.0,50.3882,-4.0118,Gas
Langage Solar Farm,5.0,50.3891,-4.0089,Solar
Langar Lane,10.0,52.9027,-0.9508,Solar
Langenhoe Solar Farm,21.3,51.8141,0.9368,Solar
Langford Solar Farm,13.1835,52.0405,-0.2532,Solar
Langford Wind Farm,20.0,52.0590,-0.2453,Wind
Langhope Rig,16.0,55.4707,-2.9399,Wind
Langlands Solar Farm,2.1,50.8973,-3.3609,Solar
Langley,8.0,54.8237,-1.6758,Wind
Langley Hall Farm,2.4,51.6633,-1.0978,Solar
Langley Priory Solar Farm,2.024,52.4485,1.6747,Solar
Langstone Court Road Solar Farm,2.5,51.6009,-2.9121,Solar
Langton (FIT),4.3472,51.9647,-4.9931,Solar
Langunnett,6.174,50.3913,-4.5960,Solar
Langwell Estate hydro scheme,1.2,57.9695,-5.0632,Hydro
Lascar Works,20.0,53.5975,-2.2951,Storage
Lathom (Pilkington Technical Centre),2.5,53.5688,-2.8247,Solar
Laughton Level,7.0,50.8684,0.1202,Solar
Laurelhill,8.5,54.4025,-6.2622,Solar
Lawrence End Park,5.0,51.8733,-0.3578,Solar
Lawrence Landfill,1.6,51.7745,-5.0008,Wind
Ld NW Of Ratcliffe House Farm,3.5,52.5946,-1.5079,Solar
Leacann Hydro,1.0,56.1725,-5.1883,Hydro
Lednock,3.0,56.3745,-3.9975,Hydro
Lee Farm,5.0,50.6925,-1.4491,Solar
Lee Moor,4.9873,50.4472,-4.0131,Solar
Leeming Bar (Waste AD),1.5,54.2912,-1.5425,Biomass
Lendrum's Bridge,5.9,54.3927,-7.1834,Wind
Lendrum's Bridge Extension,7.3,54.3938,-7.1489,Wind
Lerwick,67.0,60.1545,-1.1494,Oil
Levenmouth demonstration turbine (Fife Energy Park),7.0,56.1607,-2.9580,Wind
Levenseat EfW,12.5,55.7790,-3.6780,Biomass
Leverton Farm - Energy Barn,10.0,53.2600,-0.5640,Storage
Leverton Ings,12.0,53.0199,0.0633,Solar
Liberty Steel Dalzell,17.0,55.7884,-3.9822,Biomass
Liberty Steel Power Station,9.0,51.5611,-2.9625,Biomass
Liddeston Ridge Solar Park (Milford Haven),5.0,51.7184,-5.0439,Solar
Lidsey Landfill,1.4,50.8227,-0.6810,Waste
Lilbourne Wind Farm,10.0,52.3942,-1.1669,Wind
Limberlost,1.594,51.3811,-1.2325,Solar
Limes Farm Wickham Solar,5.7551,52.7739,-0.3186,Solar
Lincoln EFW,16.4,53.1992,-0.6071,Waste
Lincoln Farm,11.4,53.1427,0.2023,Solar
Lincoln Landfill Scheme,2.0,53.1974,-0.6093,Waste
Lincs,270.0,53.1842,0.4981,Wind
Lindhurst,9.0,53.1175,-1.1516,Wind
Lindridge Farm,5.0,52.6427,-1.3116,Solar
Ling Hall 1,3.0,52.3514,-1.3422,Waste
Lissett,29.95,54.0071,-0.2885,Wind
Little Barford,720.0,52.2046,-0.2693,Gas
Little Barford GT,17.0,52.2046,-0.2693,Gas
Little Belhus Restoration Site,1.0,51.5225,0.2776,Wind
Little Byth,4.5,57.6070,-2.2901,Wind
Little Cheyne Court,59.8,50.9638,0.8227,Wind
Little Irchester,4.67896,52.2894,-0.6548,Solar
Little Morton Solar Farm,14.3,53.3039,-0.9932,Solar
Little Neath,5.1,51.6620,-5.0100,Solar
Little Raith Farm,25.0,56.1194,-3.2522,Wind
Little White Alice Solar Park,1.3,50.1707,-5.2253,Solar
Littlebourne,17.0,51.2738,1.1439,Solar
Littleton,12.1,50.8449,-2.1671,Solar
Littlewood Farm,14.0,52.1267,-0.8052,Solar
Littlewood Lane Solar,5.0,53.1812,-1.2038,Solar
Liverton Farm,4.8,50.6339,-3.3711,Solar
Livishie,17.0,57.2202,-4.6474,Hydro
Llanbabo Wind Farm,20.4,53.3544,-4.4656,Wind
Llancadle Farm,5.0,51.4066,-3.3862,Solar
Llancayo Solar Farm,3.9,51.7227,-2.9165,Solar
Llandinam Windfarm,31.0,52.4421,-3.4308,Wind
Llandulas Landfill Scheme,2.9,53.2922,-3.6367,Waste
Llangwyryfon,9.35,52.3069,-4.0292,Wind
Llwyn Du Solar Farm,8.0,52.1084,-4.5236,Solar
Llyn Alaw,20.4,53.3534,-4.4379,Wind
Llyn Brianne Dam,4.4,52.1203,-3.7699,Hydro
Llyn Celyn,4.5,52.9438,-3.6712,Hydro
Llynfi Afan Renewable Energy Park,6.0,51.6427,-3.6147,Wind
Llynfi Renewable Energy Park  Land at Mynydd Caerau,18.0,51.6449,-3.6211,Wind
Loch An Laoigh Hydro,1.0,57.4036,-5.3040,Hydro
Loch Carnan  South Uist,9.0,57.2500,-7.3500,Oil
Loch Dubh,1.2,57.4667,-4.0833,Hydro
Loch Eilde Mor Hydro (Kinlochleven extension),2.0,56.7298,-4.9172,Hydro
Loch Ericht,2.2,56.8240,-4.3720,Hydro
Loch Gair,6.0,56.0696,-5.3294,Hydro
Loch Sminig Wind Project,2.7,58.3836,-6.4930,Wind
Lochay,46.0,54.9667,-3.4667,Hydro
Lochay Compensation Set,2.0,54.9667,-3.4667,Hydro
Lochcarnan Community Windfarm,6.9,57.2337,-7.3479,Wind
Lochelbank,9.6,56.3054,-3.4329,Wind
Lochend  Wind Farm,9.2,58.5951,-3.2629,Wind
Lochhead,2.0,56.0985,-3.4724,Waste
Lochhead,6.0,55.6959,-3.9823,Wind
Lochhead Landfill CHP,1.7,56.0969,-3.4694,Biomass
Lochhead Landfill Scheme,2.0,56.6470,-2.8408,Waste
Lochluichart,69.0,57.6546,-4.8167,Wind
Lochluichart (Extension),18.0,57.6801,-4.8414,Wind
Lockleaze Energy Storage,15.0,51.4849,-2.5716,Storage
Lodge Farm (Broughton),2.4,52.3703,-0.1314,Solar
Lodge Farm (Poulshot),14.5,51.6176,-2.0531,Solar
Lodge Farm - Orston,12.4,52.9660,-0.8324,Solar
Lodge Farm 1,1.0,51.7263,-5.0609,Wind
Loftsome Bridge,1.3,53.7568,-0.9377,Wind
Loicher Lane,8.0,53.4443,-1.4523,Biomass
London Array,630.0,51.6217,1.4958,Wind
London Southend Airport (resubmission),2.5,51.5755,0.6938,Solar
Long Hill Road,2.0,52.5731,0.0893,Wind
Long Meadow Farm,4.1,51.8452,-0.6478,Solar
Long Mountain,27.6,54.9841,-6.4420,Wind
Long Sutton Butterfly And Wildlife Park,1.7,52.7900,0.1348,Solar
Long Sutton Butterfly And Wildlife Park (extension),1.0,52.7904,0.1359,Solar
Longlands Lane,1.5,51.5633,-3.7479,Wind
Longpark,38.0,55.6692,-2.8275,Wind
Longreach STW - extension,1.1,51.4664,0.2322,Waste
Loscar,4.5,53.3145,-1.2360,Wind
Lough Hill,7.8,54.6343,-7.6052,Wind
Lount solar farm,2.8,52.7561,-1.4405,Solar
Lount/Smoile,1.1,52.7646,-1.4353,Waste
Lovedean Farm,4.5,50.9121,-1.0341,Solar
Low Spinney,8.2,52.5024,-1.1792,Wind
Lowbrook Farm Anaerobic Digester (Farm AD),1.3,50.8832,-2.3022,Biomass
Lowca Wind Farm,4.7,54.5974,-3.5710,Wind
Lower Basset Down Farm,10.5,51.5245,-1.7914,Solar
Lower Bodiniel Farm,5.0,50.4800,-4.7383,Solar
Lower Coombe Farm (Bean Field),1.0,50.8832,-2.8379,Solar
Lower Coombe Farm Solar,1.0,50.8852,-2.8311,Solar
Lower End Farm,4.9,51.3066,-2.0387,Solar
Lower House,8.22,51.7342,-2.9459,Solar
Lower Marsh Farm,5.0,51.0667,-3.1167,Solar
Lower Melville Wood,1.0,56.2926,-3.1325,Waste
Lower Pennington Farm,2.7,50.7400,-1.5529,Solar
Lower Severalls Farm,10.8,50.8989,-2.7772,Solar
Lower Slade Farm,4.1,50.2933,-3.7671,Solar
Lower Stanley Farm,4.0,51.9799,-1.9979,Solar
Lower Ufford Lane,1.1,52.1366,1.3657,Solar
Lower Venn Farm,5.0,52.1386,-2.6694,Solar
Lowther Farms,1.8,52.3599,-1.0243,Solar
Lubreoch,4.0,56.5419,-4.5174,Hydro
Lune Power,2.0,54.0556,-2.8340,Waste
Luscott Barton,13.0,51.1105,-4.1205,Solar
Luson Farm,1.9,50.3617,-3.9413,Solar
Lussa,2.4,56.0328,-5.7870,Hydro
Lynemouth,26.0,55.2016,-1.5396,Wind
Lynn,97.0,53.1356,0.4515,Wind
Lynt Farm,27.0,51.6625,-1.7004,Solar
Lyreco - Telford Distribution Centre,3.8,52.7060,-2.4221,Solar
M1 J18 Wind Turbines,4.0,52.3495,-1.1577,Wind
M1 Wind Farm,7.2,52.1617,-0.8617,Wind
MALMAYNES HALL FARM,12.0,51.4551,0.6142,Solar
MMD Shipping Services,1.2,50.8102,-1.0900,Solar
MOD Lyneham,69.8,51.5066,-1.9680,Solar
MSD Cramlington,4.0,55.1035,-1.6222,Wind
Mackies Dairy PV,1.8,57.3779,-2.3891,Solar
Macphie of Glenbervie,1.2,56.9152,-2.3876,Biomass
Maentwrog,35.3,52.9460,-3.9879,Hydro
Maerdy,24.0,51.6978,-3.5179,Wind
Maes Bach,4.5594,51.5639,-3.2916,Solar
Maesgwyn,26.0,51.7365,-3.6596,Wind
Maesgwyn Wind Farm - extension,2.5,51.7406,-3.6442,Wind
Maesgwyn solar farm,7.5,51.7658,-3.6212,Solar
Magherafelt,1.0,54.7690,-6.6477,Wind
Mains of Hatton,2.4,57.6153,-2.0667,Wind
Majors Hill/Turners Hill Solar Farm,1.1,51.1104,-0.1088,Solar
Maldie,4.0,58.2603,-4.9819,Hydro
Malmesbury Solar,5.0,51.6243,-2.1089,Solar
Mamhilad Solar Farm,5.0,51.7126,-2.9935,Solar
Manmoel Road Solar Park,4.1,51.7037,-3.1793,Solar
Manor Farm (Castle Cary),1.8,51.0806,-2.5102,Solar
Manor Farm (Dorset),5.0,51.0541,-2.3179,Solar
Manor Farm (Farm AD),1.5,52.8353,0.0816,Biomass
Manor Farm (Horton),5.0,52.1752,-0.7804,Solar
Manor Farm (Keinton Mandeville),1.0,51.0696,-2.6409,Solar
Manor Farm (Monmouthshire),10.5,51.8346,-2.9253,Solar
Manor Farm (Wiltshire) - resubmission,6.3,51.4095,-2.2189,Solar
Manor Farm - Pertenhall,15.0,52.2679,-0.4234,Solar
Manor Farm - Shripney,5.0,50.8148,-0.6825,Solar
Manor Farm Eggington,4.992,50.3371,-4.8363,Solar
Manston,9.831,51.3519,1.3674,Solar
Manston Solar Farm extension (Westwood),9.2,51.3519,1.3745,Solar
March,1.5,52.5713,0.1215,Wind
Marchington Solar Farm,4.3,52.8780,-1.8320,Solar
Marchwood,842.0,50.8998,-1.4384,Gas
Marchwood ERF,16.0,50.8981,-1.4553,Waste
Margam Green Energy Plant,40.0,51.5633,-3.7479,Biomass
Margate,3.366,50.4671,-4.6976,Solar
Mark Hill,56.0,55.1284,-4.7463,Wind
Mark's Quarry,1.0,54.8124,-1.5114,Waste
Markinch CHP,65.0,56.2012,-3.1623,Cogeneration
Markley Group (Premiere Kitckens) Biomass,2.1,51.8101,-2.2820,Biomass
Marley Thatch Solar Farm,6.3,50.4248,-3.8093,Solar
Marr Windfarm,8.0,53.5330,-1.2397,Wind
Marsh Farm,14.0,51.6264,-2.1108,Solar
Marsh Farm  (Farm AD),1.4,53.0336,0.1569,Biomass
Marsh Farm Hilperton,9.1,51.3422,-2.1856,Solar
Marsh House Solar Park,5.5,51.2056,-0.8486,Solar
Marshborough Farm solar park (resubmission),5.0,51.2774,1.3072,Solar
Marshill Farm,1.5,55.6871,-3.9334,Wind
Marshwood Farm,1.8,50.8394,-2.9370,Solar
Marston,4.51136,52.9692,-0.6907,Solar
Marston Vale Country Park Wind Turbine,1.5,52.0647,-0.5354,Wind
Masons Power Plant Landfill Scheme,5.5,52.1089,1.0813,Waste
Maw Green Landfill Site,1.6,53.1139,-2.4228,Waste
Maw Green Landfill Site  Cheshire (Extension),2.0,53.1139,-2.4228,Waste
Mawdesley Moss,2.3,53.6335,-2.7803,Wind
May Farm Anaerobic Digester (Farm AD),2.4,52.4546,0.3521,Biomass
Mayton Wood Landfill Site,1.5,52.7381,1.3256,Waste
McCain Foods AD Plant (AD),1.0,52.5594,-0.1752,Biomass
Meadow Farm (Thorpe Lanton),4.998,52.5433,0.5440,Solar
Meadow Hall Power,1.1,53.4260,-1.4070,Waste
Meall an Tuirc Wind Farm,17.0,57.7100,-4.4270,Wind
Medway,700.0,51.4396,0.6894,Gas
Meece Landfill,1.3,52.9023,-2.2185,Waste
Meikle Carewe,10.2,57.0188,-2.2783,Wind
Melton Waste Park (resubmission),5.0,53.7172,-0.5336,Wind
Mendennick Solar,2.64,50.3550,-4.2407,Solar
Mepal CHP,14.4,52.4284,0.0878,Biomass
Merevale & Blyth Estate (Waste AD),2.0,52.5711,-1.5867,Biomass
Merston,4.999,50.8181,-0.7317,Solar
Meteor Business Park,1.5,51.8965,-2.1712,Storage
Metheringham Heath (Farm AD),6.5,53.1334,-0.4721,Biomass
Methlick Farmers Wind Energy Project,12.0,57.4276,-2.2431,Wind
Mid Hill,75.9,56.9688,-2.4862,Wind
Mid Hill I,57.5,56.9688,-2.4862,Wind
Mid Suffolk Home Solar Scheme,4.8,52.1541,1.0391,Solar
Middle Balbeggie,5.0,56.1479,-3.1467,Solar
Middle Balbeggie,4.0,56.1537,-3.1645,Wind
Middle Muir Wind Farm,51.0,55.5129,-3.8040,Wind
Middle Treworder Farm,5.0,50.5036,-4.8437,Solar
Middlemoor,54.0,55.4986,-1.7678,Wind
Middleton,12.0,55.7751,-4.3426,Wind
Middlewick,20.7,51.6631,0.8925,Wind
Milborne Port Solar Farm,4.2,50.9755,-2.4541,Solar
Mill Farm (resubmission),5.0,51.9074,-0.0466,Solar
Mill Hill Farm,5.0,54.0956,-1.0323,Solar
Millar Farm,7.21088,54.7415,-6.2388,Solar
Millennium,65.0,57.1552,-4.8836,Wind
Millennium Extension,10.0,57.1502,-4.8912,Wind
Millennium Windfarm,40.0,57.1552,-4.8836,Wind
Millerhill AD (Waste AD),1.5,55.9255,-3.0834,Biomass
Millour Hill Community Windfarm (Extension) resubmission,6.4,55.7358,-4.7809,Wind
Millour Hill Community Windfarm (Re-submission),18.0,55.7307,-4.7750,Wind
Milton Keynes Waste Recovery Park,7.0,52.0672,-0.8149,Biomass
Milton Keynes Wind Farm,14.0,52.1328,-0.6865,Wind
Milton Landfill Site,2.0,52.2406,0.1561,Waste
Milton of Fisherie Wind Cluster,4.6,57.6204,-2.4191,Wind
Mingay Farm - extension,19.3,52.3351,0.1571,Solar
Minnygap (Resubmission),25.0,55.2488,-3.5148,Wind
Minsca,36.8,55.1221,-3.3529,Wind
Minsworth Sewage Treatment Works,9.7,52.5318,-1.7540,Waste
Misson Solar Farm,5.0,53.4454,-0.9810,Solar
Moel Maelogen A,2.6,53.1363,-3.7250,Wind
Moel Maelogen A Phase 2,11.7,53.1363,-3.7250,Wind
Mogden STW,5.8,51.4643,-0.3402,Waste
Molehill Farm,18.0,51.3566,1.0854,Solar
Molly Mountain,15.0,54.1979,-7.6365,Wind
Monan Hill Wind Turbines,1.5,57.9417,-6.8318,Wind
Moneystone Quarry Solar Farm (resubmission),5.0,53.0133,-1.9333,Solar
Monksham Solar Farm,10.7,51.1846,-2.3358,Solar
Monnaboy Wind Farm,12.0,54.9791,-7.1341,Wind
Monty's Farm  Taunton,4.61032,51.0319,-3.1666,Solar
Moor House Wind Farm (resubmission),12.0,54.5746,-1.4972,Wind
Moorhouse Farm,1.0,55.9039,-2.2508,Wind
Moorhouse Farm,5.0,54.6140,-3.5300,Solar
Moorhouse Lane - resubmission,1.8,51.5149,-2.6576,Solar
Morayhill AD,2.0,57.5182,-4.0889,Biomass
Morfa Farm,2.0,51.4216,-3.4977,Solar
Mornflake Oats Wind Turbine,2.3,57.6599,-2.6462,Wind
Morrisons roof mounted solar,2.0,51.3717,0.7454,Solar
Morton House (Marchington),6.2,52.8738,-1.7764,Solar
Morton Wood Farm,4.8,52.1813,-1.9568,Solar
Moss Thorn Farm,5.8,54.6678,-2.7983,Solar
Mossmorran,4.6,56.0905,-3.3177,Wind
Mount Farm,22.0,52.0719,-1.9102,Solar
Mount Mill Farm - resubmission,12.0,52.0394,-0.8943,Solar
Mountsorrel Landfill Site,1.6,52.7296,-1.1559,Waste
Moy,60.0,57.3888,-4.0488,Wind
Mucking Gas 2 Landfill Scheme,3.8,51.4939,0.4244,Waste
Mucking Gas 3 Landfill Scheme,3.9,51.4939,0.4244,Waste
Mucomir,1.75,56.9107,-4.9852,Hydro
Muirake,4.6,57.6114,-2.7244,Wind
Muirhall,12.3,55.7669,-3.5858,Wind
Muirhall Extension,6.8,55.7584,-3.6055,Wind
Muirhall South,8.3,55.7584,-3.6055,Wind
Mullardoch Tunnel,2.4,57.3387,-4.9449,Hydro
Munceys Farm,31.6,52.0649,0.0110,Solar
Mynydd Brombil,8.0,51.5830,-3.7457,Wind
Mynydd Bwllfa Wind Farm - Resubmission,22.5,51.7147,-3.5098,Wind
Mynydd Clogau,14.5,52.5784,-3.4285,Wind
Mynydd Gorddu,10.2,52.4663,-3.9710,Wind
Mynydd Portref,9.35,51.5564,-3.4597,Wind
Mynydd Portref Wind Farm extension,12.0,51.5604,-3.4496,Wind
Mynydd Y Gwair Wind Farm (resubmission),32.8,51.7492,-3.9381,Wind
Mynydd Y Gwrhyd Windfarm (resubmission),4.7,51.7784,-3.8472,Wind
Mynydd y Betws,34.5,51.7728,-3.9290,Wind
Myres Hill,1.8,55.6919,-4.2790,Wind
Myreton Crossroads,1.6,57.5990,-2.8425,Wind
NEILSTON WIND FARM,9.2,55.7541,-4.4667,Wind
NI Cluster Lough Road,5.39904,54.5584,-6.1909,Solar
NI Cluster Moira Road,5.93712,54.6077,-6.1899,Solar
NOTTINGTON LANE SOLAR FARM,5.0,50.6433,-2.5063,Solar
Nancrossa Farm solar park,6.0,50.1601,-5.1833,Solar
Nant,15.0,55.9846,-4.8210,Hydro
Nant y Caws Landfill Site,1.4,51.8369,-4.2192,Waste
Nanteague Farm,7.7,50.3062,-5.0951,Solar
Nanterrow Farm,4.7,50.2179,-5.3681,Solar
Nanthenfoel Farms,5.0,52.1511,-4.1352,Solar
Narborough Landfill,2.7,52.5728,-1.2268,Waste
Nash Waste Water Treatment Works Turbine,2.5,51.5511,-2.9591,Wind
Natewood Farm,8.9,50.8450,0.2357,Solar
National Wind Turbine Test Site,4.7,55.6907,-4.2844,Wind
Nectar Way Regional Distribution Centre,1.0,52.2200,-0.9617,Solar
Nefyn (Tyddyn Cae),4.92154,52.9138,-4.4789,Solar
Ness point Wind Turbine 1,2.3,52.4804,1.7610,Wind
Nether Mill Farm (resubmission),3.1,50.8993,-3.3952,Solar
Nethercott Farm,1.5,50.7443,-4.3354,Wind
Netherfield Lane,19.7,53.2311,-1.0914,Solar
Netherton of Windyhills,4.6,57.6027,-2.8559,Wind
Netley Landfill Site  Hampshire (Extension),1.2,50.8894,-1.3374,Waste
Nevis Range,1.1,56.8470,-4.9453,Hydro
New Albion Wind Farm,14.4,52.4502,-0.7554,Wind
New Barn Farm - Burnley,4.5,53.7732,-2.3034,Wind
New Holland,1.0,58.9133,-2.8689,Wind
New Mains of Guynd,3.98784,56.5740,-2.7091,Solar
New Rendy Farm,4.8,51.0074,-3.2012,Solar
New Row Farm,3.9,51.2042,-2.5281,Solar
New Stone House,12.5,51.8680,-1.1824,Solar
Newlands Farm (East Devon),5.0,50.7726,-2.9510,Solar
Newlands Farm Solar Park,4.99928,50.8313,-1.1961,Solar
Newlincs EfW,3.2,53.6019,-0.1638,Waste
Newnham Estate,14.0,50.4085,-4.0295,Solar
Newnton Dairy,7.176,51.6265,-2.1130,Solar
Newport (Began Road),4.9,51.5508,-3.1003,Solar
Newry Biomass Phase 1 (Gasification),2.0,54.2175,-6.3367,Biomass
Newstead and Annesley Wind Turbine,1.5,53.0753,-1.2178,Wind
Newthorpe Wind Turbine,2.5,52.9988,-1.2979,Wind
Newton Down,5.0,51.5022,-3.6690,Wind
Newton Downs Farm,5.0,50.3264,-4.0303,Solar
Newton Ferrers,19.501,50.4741,-4.3163,Solar
Newton Margate,1.5,50.4709,-4.6998,Solar
Newton Marsh Wind Project,4.6,53.5093,0.0090,Wind
Next Distribution Centre Doncaster,2.5,53.5380,-1.0335,Solar
Ninnis Farm Solar,5.0,50.3197,-4.8354,Solar
Nissan Motors Plant Extn,2.0,54.9139,-1.4808,Wind
Nissan Test Track,4.8,54.9206,-1.4669,Solar
Nissan Wind Farm,4.0,54.9139,-1.4808,Wind
Noble Foods,1.5,56.1641,-3.1593,Wind
Noriker Power Staunch,20.0,53.0329,-2.2433,Storage
Norlands Lane Landfill Site,2.7,51.4153,-0.5275,Waste
Norlands Lane Landfill Site (Extension),4.0,51.4115,-0.5139,Waste
Norrington,11.145,51.3833,-2.1701,Solar
North Creake Airfield (Resubmission),20.0,52.9057,0.8302,Solar
North East Energy Recovery Centre (adjacent to Teesside EfW),21.0,54.5969,-1.2583,Waste
North East of Ainderby Steeple,5.9,54.3236,-1.4877,Solar
North Farm (Spetisbury),11.6,50.8182,-2.1698,Solar
North Hoyle,60.0,53.4172,-3.4486,Wind
North Moor Farm AD Plant (Farm AD),4.0,53.5745,-0.7941,Biomass
North Norfolk Business Centre Solar Park,11.0,52.9011,1.3070,Solar
North Of Field Barn,1.0,52.0300,-1.4748,Solar
North Pickenham,14.4,52.6292,0.7321,Wind
North Pickenham Airfield,4.0,52.6256,0.7335,Wind
North Quay ERF,18.3,50.7961,0.0944,Waste
North Red Bog,1.6,57.5876,-2.0091,Wind
North Rhins,22.0,54.8771,-5.0881,Wind
North Steads Wind Farm,18.5,55.2650,-1.6248,Wind
North Tamar Environ Project - Holsworthy  (Farm AD),1.4,50.8280,-4.3520,Biomass
North Tenement,5.0,51.7771,-4.9882,Solar
North Wayton Farm,5.0,50.4420,-4.2170,Solar
North Yard EfW,22.5,50.3971,-4.1849,Waste
North Yell Wind Farm (Garth Community Wind Farm),4.5,60.6661,-1.0052,Wind
North of Newton Farm,3.0,50.7449,-2.0951,Solar
Northampton General Hospital,1.9,52.2365,-0.8819,Biomass
Northmoor,5.0,50.7510,-4.4506,Solar
Northwick Estate (Extension),2.2,52.0196,-1.8032,Solar
Norton Fields Farm,1.3,52.1643,-2.1427,Wind
Norton Hall,2.8,52.1011,-1.7870,Solar
Nova Scotia Farm solar park,13.9,52.6618,1.7012,Solar
Novar 2,36.8,57.7100,-4.4270,Wind
Nowhere Farm,8.1,52.9259,-0.1057,Solar
Nutberry,15.0,55.5995,-3.9216,Wind
Oak Cottage,4.8672,51.8233,-4.8613,Solar
Oak Grove Biomass Facility,2.0,52.7686,1.3564,Biomass
Oak Grove Farm,5.7,51.6107,-2.7209,Solar
Oakdale,4.0,51.6869,-3.1714,Wind
Oakfield Farm,5.0,53.7719,-2.8103,Solar
Oakfield Farm - extension,1.7,53.7722,-2.8066,Solar
Oakham,4.639,51.5458,-2.5796,Solar
Oaklands Farm - resubmission,6.9,51.1682,0.8078,Solar
Oaklands Plantation,5.0,50.7055,-2.1436,Solar
Oatslie Landfill Gas,2.0,55.8556,-3.1645,Waste
Ockendon 'B' Landfill Scheme,4.5,51.5141,0.3117,Waste
Ockendon Area III,8.5,51.5248,0.3180,Waste
Odell Glebe Solar Farm,16.8,52.2317,-0.5968,Solar
Offham Landfill Site Phase II,1.2,51.2919,0.3593,Waste
Office Field,7.2,50.7569,-1.7037,Solar
Old Rides solar Farm,8.0,51.3929,0.8695,Solar
Oldbury,40.0,52.5169,-2.0288,Biomass
Oldside Wind Farm,5.4,54.6596,-3.5564,Wind
Ongar Landfill Scheme,1.0,51.6982,0.2595,Waste
Ongar Landfill Scheme 2,1.8,51.6977,0.2588,Waste
Ora More,15.0,54.3385,-7.8959,Wind
Orchard End Windfarm,4.1044,53.9001,-2.8657,Wind
Orchard Farm,10.0,51.3698,0.6989,Solar
Ormonde,150.0,54.0889,-3.4386,Wind
Orrin,18.0,57.5294,-4.5585,Hydro
Orton Park Farm,1.6,54.8690,-3.0067,Wind
Otherton Farm,4.0,52.1854,-2.2862,Solar
Otterham Down Wind Farm (Resubmission),3.2,50.6849,-4.6103,Wind
Oulton Airfield Solar Farm (Phase 1),5.0,52.7975,1.1839,Solar
Out Newton,9.1,53.6689,0.0994,Wind
Outwood Farm (Phase 1),5.0,51.6219,0.4467,Solar
Ovenden Moor,9.2,53.7708,-1.9408,Wind
Overton Solar Park,3.75232,51.2497,-1.2739,Solar
Oving Solar Farm,5.0,50.8373,-0.7054,Solar
Owenreagh Extension,5.1,54.8066,-7.3341,Wind
Owenreagh Wind Farm,5.0,54.8097,-7.3390,Wind
Owl's Hatch Solar Park,51.9376,51.3516,1.0986,Solar
Owls Lodge,10.00465,51.1843,-1.3737,Solar
Owls Lodge Farm Extension,5.0,51.1876,-1.3674,Solar
Oxcroft,4.189,53.2639,-1.3044,Solar
Oxcroft Solar Farm,1.0,53.2585,-1.2924,Storage
PARK WOOD SOLAR FARM,5.0,51.1052,-2.6728,Solar
PG1-Coxhoe Waste Disposal Site,3.8,54.7242,-1.4923,Waste
PG2 Bolam Power Generation,1.0,54.6027,-1.7059,Waste
PG2 Bolam Power Generator (Extension),1.1,54.6027,-1.7059,Waste
PG4 St Bedes Power Generation,2.0,54.8908,-1.5868,Waste
PG4 St Bedes Power Generation (Extension 2),1.0,54.8908,-1.5853,Waste
PG4 St Bedes Power Generation (Extension),2.0,54.8908,-1.5884,Waste
PROMISED LAND FARM,1.0,53.5113,-2.7378,Wind
Packington Generation Plant Phase 3,8.5,52.4697,-1.6908,Waste
Packington Solar Farm,13.9,52.7073,-1.4725,Solar
Paddock Wood,9.2,51.1726,0.4120,Solar
Padleywood Farm,5.0,53.1481,-1.3870,Solar
Pant y wal,25.0,51.6129,-3.5050,Wind
Pant y wal extension,20.0,51.5872,-3.5220,Wind
Pant-Y-Moch Farm,5.0,51.5998,-3.7646,Solar
Parabel North Beer Solar Farm,6.8,50.7013,-4.4025,Solar
Parc Adfer EfW,16.0,53.2368,-3.0343,Waste
Parc Cynog,5.0,51.7592,-4.5337,Solar
Parc Cynog,3.6,51.7569,-4.5297,Wind
Parc Cynog Extension,8.4,51.7592,-4.5337,Wind
Parciau Farm Solar Park,13.9,53.1653,-4.2414,Solar
Parham Airfield (Great Glenham),17.5,52.1965,1.4101,Solar
Park Farm,4.0,50.8059,-0.7170,Solar
Park Lane,1.0,52.6840,-1.7649,Solar
Park Spring,8.55,53.5740,-1.4021,Wind
Park Wall Solar Park,5.0,51.1195,-2.9710,Solar
ParkerSteel Shoreham Plant,1.8,50.8281,-0.2152,Solar
Parkhill Solar Farm,5.0,56.6038,-2.5860,Solar
Parkhouse Corner (Orta Solar),6.6,51.1955,-1.6752,Solar
Parklands,4.6,51.5574,-2.5519,Solar
Parkview solar park,6.5,50.5047,-3.7497,Solar
Parkwood Landfill Scheme,1.2,53.4039,-1.4795,Waste
Partridge Farm,10.6,51.1022,0.9765,Solar
Pashley Farm,11.5,50.8732,0.4275,Solar
Pates Hill,14.0,55.8164,-3.6113,Wind
Path Head,1.0,54.9648,-1.7281,Waste
Patteson Court Landfill Site,1.8,51.2435,-0.1490,Waste
Paul's Hill,64.0,57.4462,-3.4762,Wind
Paulsgrove Landfill Site,2.4,50.8365,-1.0925,Waste
Pearie Law,19.2,55.8205,-3.5624,Wind
Pebble Hall Farm - resubmission - Food Waste AD,4.0,52.4550,-1.0283,Biomass
Pebsham,3.0,50.8533,0.5204,Waste
Pebsham (Extension),1.0,50.8533,0.5204,Waste
Peckfield Quarry Landfill Scheme,3.9,53.7825,-1.3413,Waste
Pelham,49.0,51.9374,0.1192,Storage
Pembroke,2180.0,51.6850,-4.9900,Gas
Pen Bryn Oer Wind Farm,4.0,51.7749,-3.2759,Wind
Pen Rhiw,4.748005,51.6725,-3.3811,Solar
Pen y Bont,2.3,52.9671,-3.0556,Waste
Pen y Cymoedd,228.0,51.6555,-3.6957,Wind
Pen-Y-Cae,6.76227,51.7874,-4.0291,Solar
Pen-Y-Fan A,6.0,51.7008,-3.1691,Solar
Penare Farm Solar Farm,11.0,50.3037,-5.0755,Solar
Pencoose,8.145,50.1987,-5.1691,Solar
Pengelly Barton Farm,1.0,50.1422,-5.3398,Biomass
Penmanshiel Wind Farm,28.7,55.8969,-2.3213,Wind
Pennington Recycling Centre,1.2,50.7387,-1.5632,Solar
Penny Hill Lane,19.8,53.3834,-1.2975,Wind
Penrhiwarwydd Farm,8.5,51.6327,-3.1582,Solar
Penrhys Wind Farm/Ferndale Power Factory,6.4,51.6511,-3.4512,Wind
Pensipple Farm,5.0,50.4073,-4.4518,Solar
Pentland Road,13.8,58.2572,-6.5108,Wind
Pentre farm,5.5,51.7587,-4.1224,Solar
Pentylands Farm,19.0,51.6530,-1.7305,Solar
Penycae Solar Farm,5.0,52.9888,-3.0596,Solar
Peterborough,240.0,52.5769,-0.2040,Gas
Peterborough EfW,7.3,52.5752,-0.2062,Waste
Peterhead,1180.0,57.4772,-1.7889,Gas
Peterlee Solar Farm,5.0,54.7752,-1.3655,Solar
Philip Dennis Food Service,3.8,51.0650,-4.0878,Storage
Pierces Farm,1.74,51.4006,-1.0222,Solar
Pilsworth Landfill Site,5.0,53.5771,-2.2699,Storage
Pilsworth Quarry Landfill Scheme,4.1,53.5836,-2.2583,Waste
Pingewood Road South,15.8,51.4175,-1.0144,Solar
Pingry Farm - Phase 1,3.4,51.7819,-2.6230,Solar
Pingry Farm - Phase 2,3.4,51.7819,-2.6230,Solar
Pinguin Foods,1.5,52.9651,-0.0195,Solar
Pitchford,10.2,52.6223,-2.7131,Solar
Pitlochry,15.0,56.6991,-3.7406,Hydro
Pitsea Landfill Scheme,11.6,51.5370,0.5104,Waste
Pitsea Tipp,14.0,51.5371,0.5089,Waste
Pitts Farm (revised application),2.6,51.2138,-2.5858,Solar
Pitworthy Farm Solar Park,18.0,50.8214,-4.4275,Solar
Place Barton Farm,4.9,50.3601,-3.7473,Solar
Plascow wind cluster (resubmission),2.4,54.9563,-3.7602,Wind
Playters,8.6295,52.4393,1.5874,Solar
Plusterwine House - Anaerobic Digestion Plant (Retrospective),1.5,51.6908,-2.5877,Biomass
Pogbie Wind Farm 1,5.1,55.8218,-2.8330,Wind
Pogbie Wind Farm 2,4.8,55.8395,-2.8421,Wind
Point Wind / Beinn Ghrideag Farm,9.0,58.2079,-6.4807,Wind
Pollington Solar Farm,5.0,53.6821,-1.0867,Solar
Pollnalaght (Cornavarrow),38.4,54.5683,-7.4410,Wind
Polmaugan Farm,5.0,50.4295,-4.6633,Solar
Pond Farm Solar Farm,3.60354,52.9011,1.1682,Solar
Pont Andrew,1.5443,51.7753,-4.1376,Solar
Poole Generation Plant,2.4,50.9875,-3.2095,Waste
Popehill Farm,5.0,51.7737,-4.9877,Solar
Poplars Anaerobic Digestion Facility (Waste AD),6.0,52.6841,-2.0100,Biomass
Port of Barry (Resubmission) - Site 1,4.5,51.3962,-3.2543,Solar
Port of Barry (Resubmission) - Site 2,5.0,51.3962,-3.2543,Solar
Port of Liverpool,10.0,53.4496,-3.0050,Wind
Port of Sheerness Wind Farm Ltd,8.2,51.4430,0.7479,Wind
Port of Tilbury,9.2,51.4573,0.3368,Wind
Port of Tyne,35.0,54.9773,-1.4559,Storage
Portley Ford Landfill Site,1.8,52.3871,-1.0331,Waste
Portsmouth ERF,14.0,50.8220,-1.0542,Waste
Porvair International Ltd,1.8,52.7700,0.3876,Solar
Potato Pot,7.2,54.6027,-3.5031,Wind
Potters Bar Solar Farm,5.0,51.7091,-0.2051,Solar
Pressock Farm,5.0,56.6350,-2.7043,Solar
Preston Road AD Plant (Waste AD),2.8,54.6058,-1.5803,Biomass
Prestop Park,15.852,52.7568,-1.4990,Solar
Priest Weston,1.0,52.5693,-3.0504,Solar
Primrose Hill,4.3452,53.2743,-0.2944,Solar
Princes Gate Spring Water,1.6,51.7720,-4.6844,Wind
Priors Byne Farm,7.6,50.9463,-0.3422,Solar
Promens,1.648525,52.4375,1.5957,Solar
Prosper Demulder Limited Anaerobic Digestion Plant (Waste AD),2.0,53.5369,-1.1374,Biomass
Prosper Demulder Limited Anaerobic Digestion Plant (Waste AD) - extension,3.0,53.5369,-1.1374,Biomass
Pulteney Distillery,3.5,58.4347,-3.0855,Biomass
Pure Malt Products AD,1.5,55.9566,-2.7707,Biomass
Puriton,4.5677,51.1757,-2.9675,Solar
Puriton Landfill Solar Farm,11.4,51.1788,-2.9784,Solar
PwllfaWatkin Landfill Gas Site,3.2,51.7355,-3.8602,Waste
Pyde Drove,7.0,51.1781,-2.9237,Solar
Pylle Southern solar park (Lower Easton Farm),5.0,51.1463,-2.5395,Solar
QE2 Reservoir,6.33765,51.3897,-0.3096,Solar
Quarrendon Fields,1.5,51.8424,-0.8360,Wind
Queen's Park Road Energy,1.8,53.7970,-2.2278,Waste
Queens Park Energy,1.9,53.7994,-2.2196,Waste
Quixwood Moor,29.9,55.8674,-2.3527,Wind
ROOKERY FARM SOLAR FARM,5.3,52.3184,-0.3831,Solar
RUDGE FARM SOLAR FARM,7.0,51.4204,-1.6067,Solar
Race Bank (Phase 1),286.5,53.1360,0.5892,Wind
Race farm,6.1,50.7482,-2.0614,Solar
Radcliffe,4.1574,52.9356,-1.0591,Solar
Raglington Farm Solar Park,4.6452,50.9179,-1.2323,Solar
Rainbow,4.7907,52.0702,-1.8610,Solar
Rainham Landfill Scheme  Phase I,3.9,51.4903,0.1938,Waste
Rainham Phase II,17.0,51.4903,0.1938,Waste
Rampion Offshore Wind Farm (Hastings Zone),400.0,50.6400,-0.1800,Wind
Rampisham North,5.0,50.8099,-2.6388,Solar
Rampton Hospital Energy Centre,1.2,53.2904,-0.8382,Biomass
Ramsey,1.8,52.4469,-0.1063,Wind
Ramsey 2 Wind Farm,8.2032,52.4681,-0.1224,Wind
Rannoch,45.0,56.6333,-4.3667,Hydro
Ranson Moor (phase 1),6.0,52.5127,0.0314,Wind
Ranson Moor Wind Farm (Phase 2),4.0,52.5106,0.0373,Wind
Ratcliffe,2000.0,52.8653,-1.2550,Coal
Ratcliffe GT,34.0,52.8653,-1.2550,Gas
Rathsherry (Revised Application),21.0,54.9515,-6.1757,Wind
Ratty's Lane Sustainable Enery Facility (Waste AD),3.0,51.7671,0.0003,Biomass
Ravens Close,5.0,54.1308,-2.5520,Solar
Raventhorpe Farm,38.0,53.5604,-0.5813,Solar
Ray,54.4,55.1822,-2.0714,Wind
ReFood - Dagenham Docks Biogas (Waste AD),1.4,51.5241,0.1364,Biomass
Reaches Farm Solar Park,6.1,52.5594,0.5641,Solar
Reaps Moss Wind Farm (resubmitted),10.2,53.7002,-2.1671,Wind
Rectory Farm/Emberton,9.0,52.1367,-0.6927,Solar
Red Gap Moor Wind Farm,12.5,54.6468,-1.3206,Wind
Red Hill Farm,4.8,50.9549,-3.3028,Solar
Red Tile,24.0,52.4305,-0.0292,Wind
Redbridge Road,6.4,50.6940,-2.3130,Solar
Redcourt Farm,3.3,51.8493,-4.3548,Solar
Redhall Industrial Estate,5.0,53.6967,-0.0637,Solar
Redhill 2,3.0,51.2354,-0.1464,Waste
Redlands Farm,6.2,51.1129,-2.8192,Solar
Reepham Road (Waste AD),1.5,52.7008,1.2028,Biomass
Reliance Street Mechanical Biological Treatment Facility (MBT),2.0,53.5041,-2.1807,Biomass
Reservoir Road (Farm AD),1.1,54.3203,-6.2893,Biomass
Rew Farm Solar Farm,6.1,50.4189,-4.6895,Solar
Rexton Cross,2.0,50.6755,-4.2466,Solar
Reydon Farm (resubmission),3.9,52.3403,1.6467,Solar
Rheidol,55.975,52.4076,-3.8772,Hydro
Rhewl Farm,6.0,51.6340,-2.7312,Solar
Rhodders,12.3,56.2042,-3.7824,Wind
Rhosygilwen Solar Farm,1.0,52.0352,-4.6212,Solar
Rhug Estate,1.2,52.9875,-3.4446,Solar
Rhyd-y-Pandy Solar Farm,6.0,51.6965,-3.9394,Solar
Rhyl Flats,90.0,53.3776,-3.6402,Wind
Rickfield Farm solar park,1.0,52.0035,-1.4136,Solar
Ridham CHP Plant,25.0,51.3823,0.7588,Biomass
Rigby Landfill,3.0,53.6098,-2.6178,Waste
Rigged Hill,5.0,55.0219,-6.8198,Wind
Ring O Bells Farm,5.0,51.4890,-2.3961,Solar
Rise Carr  Darlington / CLNR EES3-1,2.5,54.5463,-1.5592,Storage
Risley,2.0,53.4376,-2.5024,Waste
Risley '4' Landfill Scheme,5.9,53.4372,-2.5057,Waste
Risley Sets 13 & 14,2.1,53.4354,-2.5057,Waste
River Coiltie Hydro Scheme,1.9,57.3167,-4.5048,Hydro
River E,3.0,57.2135,-4.4506,Hydro
River Lochy Hydro,2.0,56.4049,-4.9226,Hydro
River Pattack (resubmission),2.0,56.9166,-4.3855,Hydro
River Taodail Hydro,1.4,57.4231,-5.4216,Hydro
Riverside Industrial Estate Gasification Plant,10.5,52.9572,-0.0129,Biomass
Riverside Resource Recovery Facility (RRRF),72.0,51.4683,0.1178,Waste
Riverside Sewage Treatment Works Digestion Plant,4.0,51.5164,0.1855,Waste
Roanhead Farm,6.5,54.1745,-3.2097,Solar
Robin Rigg East,90.0,54.7642,-3.6955,Wind
Robin Rigg West,90.0,54.7473,-3.7293,Wind
Rock Farm / Goldborough Farm (Rookwood),5.0,51.5196,-1.8807,Solar
Rocksavage,810.0,53.3147,-2.7232,Gas
Rodbaston,2.052,52.7024,-2.1172,Wind
Rodbourne Rail Farm - Solar Park,7.6,51.5612,-2.0994,Solar
Rolleston Park Farm,18.7,52.8397,-1.6854,Solar
Rolls Royce Filton Campus Building 184,1.4,51.5246,-2.5713,Solar
Rolls Royce Filton Campus Building 185,1.8,51.5246,-2.5713,Solar
Rookery Business Park,5.0,52.5353,1.0661,Solar
Rookery Farm,3.8,50.8061,-0.6235,Solar
Roos,17.1,53.7518,-0.0697,Wind
Roosecote,49.0,54.1052,-3.1900,Storage
Rose And Crown Farm,30.0,52.7121,0.1965,Solar
Rosedew Farm,5.0,51.3976,-3.4707,Solar
Rosehall,24.7,57.9956,-4.5470,Wind
Rosehill Wind Turbines,2.4,56.0550,-3.8281,Wind
Roskrow Barton,1.7,50.1773,-5.1316,Wind
Roskrow Farm,8.9,50.1808,-5.1326,Solar
Rossendale Power,1.6,53.6842,-2.2947,Waste
Rotherdale Farm,5.0,52.1525,-2.0465,Solar
Rotherdale Farm - extension,9.0,52.1536,-2.0341,Solar
Rothes,51.0,57.5373,-3.3630,Wind
Rothes 2,41.4,57.5373,-3.3630,Wind
Rothes Bio-Plant,8.3,57.5264,-3.2078,Biomass
Rothiesholm,2.7,59.0973,-2.6601,Wind
Roughside Hill,30.0,55.7046,-3.0677,Wind
Roundponds Farm Solar Park,13.5,51.3801,-2.1627,Solar
Roves Farm (Solar) - resubmission,12.7,51.5978,-1.6983,Solar
Rowles Farm solar park,13.0,51.8441,-1.2258,Solar
Rowley,1.9,53.7955,-2.2215,Waste
Roxby Gas to Energy,8.5,53.6416,-0.6250,Waste
Roxwell Landfill Scheme,1.3,51.7631,0.4055,Waste
Royd Moor,6.5,53.5322,-1.6696,Wind
Royston Solar Farm (Phase 1) (a),5.0,52.0650,-0.0223,Solar
Ruabon,2.1,52.9977,-3.0444,Waste
Rudbaxton Solar Park,10.8,51.8501,-4.9524,Solar
Rudge Hill Farm,1.01886,50.9129,-2.3126,Solar
Rufford Lane,2.6,53.1881,-1.0072,Solar
Runcorn EfW,81.0,53.3257,-2.7524,Waste
Runfold Landfill,1.2,51.2184,-0.7628,Waste
Rushmoor Lane Farm (Cheshire Coppice),5.0,52.7272,-2.5528,Solar
Rusholme,24.0,53.7303,-0.9480,Wind
Ryder Point Quarry Wind Turbines,5.0,53.0916,-1.6214,Wind
Rydon Farm,12.0,50.5068,-3.6353,Solar
Rye House,715.0,51.7626,0.0094,Gas
Rye Meads Sewerage Treatment Works,2.3,51.7749,0.0171,Biomass
Ryston Estate Solar Park,4.8,52.5944,0.3953,Solar
SAICA Paper Mill,41.6,53.4251,-2.4195,Biomass
SAUNDERCROFT SOLAR FARM,7.0,50.7650,-3.3985,Solar
SELCHP ERF,32.0,51.4846,-0.0454,Cogeneration
SPD 2 Hall Farm,14.9147,52.4976,1.3092,Solar
SPD 3 Grange Farm,9.49544,53.1440,-0.1605,Solar
SPD 4 Gelliwern,6.24,51.7000,-3.9928,Solar
STRETE FARM SOLAR FARM,4.8,50.7459,-3.3587,Solar
Safeguard Bradwall,4.997475,53.1589,-2.3824,Solar
Safran Landing Systems Service,3.6,51.8978,-2.1717,Biomass
Salcey Farm,5.46156,52.1466,-0.7565,Solar
Salford Lodge,5.0,52.1567,-1.9314,Solar
Salford Refuse Treatment Plant (AD),2.0,53.4953,-2.2873,Biomass
Salford Road,1.6,53.5799,-2.4269,Solar
Salford Road Solar Farm (resubmission),2.2,53.2189,-1.9150,Solar
Salhouse Solar Farm,5.0,52.6887,1.4000,Solar
Salt Ayre,4.0,54.0556,-2.8340,Waste
Saltend,1200.0,53.7350,-0.2432,Gas
Saltend Wind Turbine,1.3,53.7444,-0.2365,Wind
Sancton Hill Wind Farm,10.384,53.8451,-0.6099,Wind
Sandbach,56.0,53.1623,-2.4037,Gas
Sandhill Anaerobic Digestion Plant (Waste AD),2.0,53.9920,-0.4985,Biomass
Sandhill Solar Park,2.0,51.0605,-3.1973,Solar
Sands Farm Quarry Landfill Site,3.5,51.4389,-1.9784,Waste
Sandy Lane Generation Plant,2.0,52.3838,-2.0719,Waste
Sandy Lane Landfill Scheme,2.3,51.5038,0.2434,Waste
Sandys Moor,2.9,51.0385,-3.3063,Solar
Sanquhar Community Windfarm,32.4,55.3442,-4.0466,Wind
Saron,6.33258,51.7953,-4.0184,Solar
Sawmills Solar Farm,6.5,50.5921,-3.5337,Solar
Saxley Farm,5.0,51.1610,-1.5363,Solar
Says Court,19.807,51.5336,-2.4494,Solar
School Aycliffe,5.0,54.6077,-1.5968,Solar
Scorton,1.0,54.3993,-1.6087,Waste
Scottow,40.3,52.7560,1.3530,Solar
Scottow East2,15.0,52.7550,1.3630,Solar
Scottow W II,17.2,52.7560,1.3530,Solar
Scottow West,20.0,52.7560,1.3530,Solar
Scout Moor,65.0,53.6690,-2.2679,Wind
Scouthead Power Plant,2.9,53.5551,-2.0392,Waste
Screggagh,20.0,54.4624,-7.3329,Wind
Screwfix Direct,2.5,52.9752,-2.1710,Solar
Scroby Sands,60.0,52.6439,1.7889,Wind
SeaGen Tidal Farm,1.2,54.3518,-5.5390,Wave and Tidal
Seabank 1,812.0,51.5392,-2.6700,Gas
Seabank 2,410.0,51.5392,-2.6700,Gas
Seaforth,3.0,53.4652,-3.0393,Wind
Seamer Carr,1.3,54.2269,-0.4169,Waste
Seamer Wind Farm - Hambleton,4.0,54.4959,-1.2624,Wind
Seamer Windfarm - Stockton on Tees,6.0,54.4942,-1.2585,Wind
Seaton Road Solar Farm,4.0,52.5853,-0.7090,Solar
Seaview Farm,1.7,51.4955,-3.6958,Solar
Sedbury Park,5.0,51.6390,-2.6551,Solar
Seegronan,13.8,54.6333,-6.3000,Wind
Sefter Farm AD Plant (Farm AD),1.0,50.7890,-0.7373,Biomass
Seghill Village Waste Disposal Site phase 1 and 2,4.1,55.0623,-1.5350,Waste
Sesswick A,4.0,53.0318,-2.9146,Solar
Severn Power,850.0,51.5475,-2.9750,Gas
Severn Road Solar Park,1.8,51.5325,-2.6689,Solar
Severn Trent STW,2.5,52.6980,-1.1179,Wind
Severn Trent Water - Stoke Bardolph Wind Turbine,1.5,52.9758,-1.0440,Wind
Severnside Energy Recovery Centre,32.0,51.5406,-2.6553,Waste
Sevor Farm,9.3,51.5923,-1.7161,Solar
Shacks Barn Solar Farm,5.0,52.1021,-1.0049,Solar
Shakespeare Farm Landfill Site,1.0,51.4638,0.6115,Waste
Shantavny Scotch,16.1,54.4766,-7.0900,Wind
Sharland Farm,2.8,50.8418,-3.7608,Solar
Sharpness Docks,2.0,51.7237,-2.4829,Wind
Shearman Field,1.9,54.6099,-3.5080,Waste
Sheepbridge Court Farm,8.0,51.3895,-0.9610,Solar
Sheffield ERF,19.3,53.3867,-1.4482,Waste
Shelford Generation Plant II,8.0,51.2994,1.0999,Waste
Shelford Landfill Scheme,1.9,51.2981,1.0999,Waste
Shelswell,5.06331,51.9740,-1.1160,Solar
Shepham Lane (Resubmission),7.5,50.8295,0.2709,Wind
Sherburn,5.0,54.1793,-0.5250,Solar
Sheriffhales,5.0,52.7067,-2.3689,Solar
Sheringham Shoal BMU 1 & 2,316.0,53.1353,1.1479,Wind
Shielburn Farm,6.9,57.4998,-2.5420,Wind
Shin,18.6,57.9333,-4.4000,Hydro
Shipton Bellinger - Park House Corner Solar Farm,5.4,51.1947,-1.6660,Solar
Shoals Hook Farm,12.1,51.8135,-4.9417,Solar
Shooters,2.0,51.2544,-2.5834,Wind
Shooters Bottom Solar Park,7.0,51.2588,-2.5864,Solar
Shoreham,420.0,50.8292,-0.2311,Gas
Short Hazel Solar Farm,5.0,52.7755,-1.5111,Solar
Shortheath Solar Park,5.0,52.7305,-1.5524,Solar
Shotwick,72.209,53.2409,-3.0227,Solar
Shroton,4.0,50.9243,-2.2124,Solar
Sibelco Brassington,2.3,53.0909,-1.6284,Wind
Siddick Wind Farm,4.2,54.6741,-3.5430,Wind
Sidegate Lane,2.4,52.3231,-0.6560,Waste
Sidegate Lane Landfill Site,1.3,52.3232,-0.6589,Waste
Silent Valley Landfill Scheme,2.7,51.7557,-3.1821,Waste
Sinfin Lane,7.5,52.8930,-1.4795,Biomass
Singleton Birch (Farm AD),1.5,53.5909,-0.3571,Biomass
Sisters,8.4,55.2499,-1.6182,Wind
Site To North East Of  Lochcraigs Farm,5.0,55.6575,-4.7432,Solar
Six Hills Solar Farm,18.7,52.7806,-1.0262,Solar
Sixpenny Wood,20.5,53.7380,-0.8114,Wind
Sizewell B,1198.0,52.2145,1.6206,Nuclear
Skeddoway Farm Wind Turbine,1.5,56.1665,-3.1593,Wind
Skeddoway Farm Wind Turbine (Resubmission),1.5,56.1665,-3.1593,Wind
Skegness,10.684,53.1480,0.2348,Solar
Skegness Solar Park,4.9,53.1551,0.2965,Solar
Skelbrooke Landfill Gas Project,2.1,53.5994,-1.2308,Waste
Skelmonae Wind Farm,3.2,57.4208,-2.1898,Wind
Skelton Grange Landfill,5.2,53.7705,-1.4462,Waste
Skibeden,2.0,53.9705,-1.9810,Waste
Skylark,4.93885,52.2012,-0.0735,Solar
Slaughtergate Farm,1.8,51.0459,-2.3119,Solar
Sleaford Renewable Energy Plant,40.0,52.9990,-0.3827,Biomass
Slieve Divena,30.0,54.5086,-7.1064,Wind
Slieve Divena Phase 2 Wind Farm,18.8,54.5086,-7.1064,Wind
Slieve Kirk,73.6,54.9203,-7.2889,Wind
Slieve Rushen Extension,54.0,54.1903,-7.6284,Wind
Slieve Rushen Phase 1 Wind Farm,5.0,54.1903,-7.6284,Wind
Slieveglass,6.9,54.6355,-7.5692,Wind
Slough,35.0,51.5095,-0.5954,Cogeneration
Slough Sewage Treatment Works,1.2,51.5067,-0.6376,Waste
Sloy,152.5,56.2512,-4.7117,Hydro
Smith Hall Farm Solar Park,5.0,53.0124,-1.6025,Solar
Snarlton Farm (Melksham solar farm),49.6,51.3734,-2.0897,Solar
Snetterton Biomass Plant,44.2,52.4791,0.9544,Biomass
Snettisham Solar Farm,2.7,52.8680,0.9202,Solar
Sober Hill,12.3,53.8349,-0.5967,Wind
Solar Farm at Fields Farm (Phase 1),5.0,52.2449,-1.4102,Solar
Solar farm at land at The Willows  Uttoxeter,6.4,52.8960,-1.8403,Solar
Solutia,5.0,51.5666,-2.9626,Wind
Somersal Mill Farm,2.6,52.9160,-1.7946,Solar
Somerton,1.8,52.7099,1.6545,Wind
Somerton Door Farm,8.7,51.0673,-2.7573,Solar
Soothills Landfill,1.0,53.7180,-1.5999,Waste
South Antrim Solar Park - Phase 1,6.5,54.6943,-6.2341,Solar
South Cathkin Landfill Site,7.4,55.7912,-4.1946,Waste
South Creake,26.001155,52.8619,0.7713,Solar
South Humber Bank,1310.0,53.6008,-0.1446,Gas
South Kirkby Business Park (Waste AD),6.0,53.6027,-1.3407,Biomass
South Lees Farm,11.0,51.4017,0.8064,Solar
South Manchester Resource Recovery Centre (AD),2.0,53.3944,-2.2461,Biomass
South Newton Farm,11.3,50.7355,-2.0976,Solar
South Sharpley Wind Farm,6.2304,54.8404,-1.4022,Wind
South View Farm,2.0,54.2703,-0.7586,Biomass
South of Henley Hall,5.0,52.3809,-2.6753,Solar
Southbrook Solar Farm,5.0,51.5873,-2.7227,Solar
Southcombe Farm,1.2,50.8861,-4.2151,Solar
Southdown Quarry,1.5,50.3562,-4.2020,Solar
Southern Counties Shooting Ground Phase 1 (resubmission),9.0,50.8212,-2.5557,Solar
Southern Counties Shooting Ground Phase 2 (resubmission),5.0,50.8220,-2.5562,Solar
Southern Law,5.2,54.7222,-1.4349,Wind
Southfield Solar Park,9.7614,51.0141,-2.6086,Solar
Southill Solar (resubmission),4.5,51.8588,-1.4750,Solar
Southleigh Landfill,3.5,50.8678,-0.9526,Waste
Southrigg,1.5,55.8711,-3.7295,Wind
Southwick Estate,48.0,50.8844,-1.0813,Solar
Sowerby Lodge Farm,5.0,54.1389,-3.2399,Solar
Spalding,880.0,52.7730,-0.1441,Gas
Spaldington,11.75,53.7952,-0.7998,Wind
Speyside Biomass CHP Plant,12.5,57.4947,-3.2089,Biomass
Spicer Hill Wind Farm,6.9,53.5368,-1.6922,Wind
Spittleborough Farm,12.0,51.5464,-1.8814,Solar
Spriggs Farm,12.0,51.9671,0.3686,Solar
Spring Farm (biomass),1.0,52.7013,1.1950,Biomass
Springfield Farm,1.4,51.5824,-0.5575,Waste
Springhill Solar Park (Northwick),5.0,52.0188,-1.8025,Solar
Spurness Extension,10.0,59.1893,-2.6925,Wind
Squabb Wood,1.0,50.9919,-1.5241,Waste
Sron Mor,4.0,57.0569,-4.2300,Hydro
Srondoire Community Wind Farm,6.0,55.9341,-5.4805,Wind
St Breock,10.261,50.4956,-4.8213,Wind
St Columb Major Solar Farm,7.0,50.4229,-4.9278,Solar
St Day II,2.0,50.2375,-5.1606,Waste
St Fergus Moss Wind Farm,6.0,57.5720,-1.9111,Wind
St Francis,4.32531,50.8749,0.4534,Solar
St Helen's Lane,5.0,54.6741,-3.5263,Solar
St John Hill,7.7,56.8935,-2.2724,Wind
St John's Well,2.4,57.4266,-2.3252,Wind
St Johns Wells Wind Cluster Extension,3.2,57.4182,-2.3353,Wind
St Nicholas Court Farm (AD) - resubmission,1.2,51.3561,1.2440,Biomass
St. Johns Hill,25.0,56.8886,-2.2724,Wind
Stables,1.966,50.6971,-1.4220,Solar
Stags Holt,20.0,52.5698,0.1233,Wind
Stags Holt Extension,2.0,52.5698,0.1233,Wind
Staining Wood Farm,4.9,53.7805,-2.9599,Solar
Standen Heath,1.5,50.6915,-1.3595,Waste
Standford Hill,4.6,51.3950,0.8509,Wind
Stangate Landfill Site,4.5,51.2833,0.2972,Waste
Stanton solar park,5.0,51.6183,-1.7514,Solar
Stantway Solar Farm,5.0,51.8212,-2.3998,Solar
Staples Anaerobic Digestion CHP Plant (Waste AD),1.4,53.0346,0.0312,Biomass
Station Farm Landfill Scheme,2.0,52.3085,-0.2266,Waste
Station Works AD,1.0,51.9485,0.3275,Biomass
Staveley Power,2.1,53.2739,-1.3612,Waste
Staythorpe C,1772.0,53.0730,-0.8585,Gas
Steven's Croft,50.0,55.1524,-3.3809,Cogeneration
Steventon,10.03917,51.6334,-1.3613,Solar
Stob House Farm,4.9,54.6333,-1.2958,Solar
Stoke Bardolph energy crop (Farm AD),2.0,52.9759,-1.0396,Biomass
Stoke-on-Trent EfW,14.2,52.9887,-2.1832,Waste
Stokes Marsh Farm,16.6,51.3076,-2.0846,Solar
Stone Hill,2.6,50.9201,0.2268,Solar
Stonebarrow Farm,8.0,50.7855,-2.9249,Solar
Stonebyres,6.0,55.6667,-3.8500,Hydro
Stonepit Farm,5.0,52.1339,-0.8471,Solar
Stoneshill Farm (resubmission),5.0,50.8783,-3.3846,Solar
Stoneyhill Landfill Site,4.3,57.4590,-1.8724,Waste
Stonish Hill Re-submission (Bilsthorpe),10.3,53.1511,-1.0146,Wind
Stormy Down (Waste AD),3.0,51.5072,-3.6713,Biomass
Stormy Down Solar Farm,3.8,51.5120,-3.6708,Solar
Stornoway,24.0,58.2092,-6.3865,Oil
Storr Lochs,2.4,57.3000,-6.2500,Hydro
Stowbridge Farm,24.0,52.3290,0.2182,Solar
Stowbridge Farm - Extension (Phase 1),10.0,52.3310,0.2258,Solar
Stowbridge Farm - Extension (Phase 2),10.0,52.3336,0.2256,Solar
Stragglethorpe,4.99928,52.9264,-1.0508,Solar
Strath of Brydock,6.9,57.6262,-2.5811,Wind
Strath of Brydock,4.6,57.6262,-2.5811,Wind
Strathy North,67.65,58.4900,-4.0336,Wind
Stratton Hall Solar Park,11.6,52.0088,1.2869,Solar
Strettington Solar Farm,5.0,50.8571,-0.7298,Solar
Stripe,4.98,54.4175,-1.6989,Solar
Striven,8.0,56.0093,-5.1199,Hydro
Stronelairg Wind Farm,228.0,57.1269,-4.5264,Wind
Stroupster,29.9,58.5719,-3.1370,Wind
Stud Farm  Rufford (Farm AD),2.2,53.1583,-1.0285,Biomass
Sudforth Lane (Kellingley Solar Farm),5.0,53.7028,-1.2009,Solar
Summercourt Solar Farm (Glebe Farm),1.1,50.3734,-4.9579,Solar
Summerston Landfill,2.8,55.9174,-4.2737,Waste
Summerway Drove,2.0,51.1227,-2.9657,Solar
Sundon Landfill Site,2.6,51.9435,-0.4913,Waste
Sundorne,18.226,52.7349,-2.7080,Solar
Sunnyside wind cluster,1.0,55.3790,-3.9489,Wind
Sutton Bridge,819.0,52.7579,0.1923,Gas
Sutton Courtenay Landfill Scheme,5.6,51.6317,-1.2674,Waste
Sutton Courtney,6.0,51.6334,-1.2544,Waste
Sutton Grange AD Plant,3.0,53.3631,-0.9601,Biomass
Sutton Landfill Site,3.0,53.1259,-1.2819,Waste
Sutton Mawr Farm,7.5,51.4186,-3.3270,Solar
Sutton Montis Road Solar Park / Sutton Bridge Solar Farm,5.4,51.0133,-2.5647,Solar
Swaffham II,1.8,52.6577,0.7007,Wind
Swancote Farm,1.2,52.5427,-2.3814,Biomass
Swancote Farm AD (Farm AD),2.2,52.5428,-2.3818,Biomass
Swindon Sewerage Treatment Works,1.2,51.5679,-1.8085,Biomass
Swinford,22.0,52.4119,-1.1663,Wind
Sycamore Farm,20.0,50.9924,0.8763,Solar
Symonds Farm Power Ltd (Farm AD),1.4,52.2572,0.6371,Biomass
Sytchwythy Fields,1.4,52.1008,-1.9146,Solar
Sywell (England),4.99928,52.3033,-0.7775,Solar
Taff Ely,9.0,51.5694,-3.4648,Wind
Tallentire,12.0,54.7069,-3.3595,Wind
Tangy,18.7,55.4953,-5.6666,Wind
Tangy Wind Farm Extension/Tangy 2,6.0,55.4786,-5.5305,Wind
Taplins Farm solar park,5.9,51.2885,-0.8835,Solar
Tappaghan Extension,9.0,54.5471,-7.6956,Wind
Tappaghan Wind Farm,28.5,54.5471,-7.6956,Wind
Tarbothill Landfill Site,2.2,57.2122,-2.0745,Waste
Taunton Racecourse,1.5,50.9942,-3.0874,Solar
Tavells Lane Solar Farm,5.3,50.8941,-1.4585,Solar
Taylor's Lane GT,144.0,51.5459,-0.2575,Gas
Tedder Hill,7.5,53.7523,-0.0265,Wind
Teeside Green Energy Plant (Waste AD),4.8,54.5815,-1.2469,Biomass
Teesside,62.0,54.6453,-1.0955,Wind
Teesside EfW,19.2,54.5969,-1.2583,Waste
Teesside EfW (extension),10.0,54.5969,-1.2583,Waste
Teiges,11.0,54.3031,-7.3985,Wind
Temple Normanton (England),4.89398,53.2071,-1.3724,Solar
Templeborough Biomass Power Plant- Rotherham,42.0,53.4226,-1.3734,Biomass
Tengore Lane - resubmission,3.0,51.0428,-2.7920,Solar
Testwood Water Supply Works,1.9,50.9325,-1.4979,Solar
Teyrdan,9.3,53.2680,-3.6860,Solar
Thame solar farm,4.3,51.7478,-0.9348,Solar
Thameside DC,1.0,51.4924,0.0270,Solar
Thanet,300.0,51.4299,1.6334,Wind
Thatcham,8.7,51.4037,-1.2605,Oil
The Breck,5.0,53.2813,-1.3619,Solar
The Elms,10.4,52.2142,-1.4455,Solar
The Fall of Warness Tidal Scheme  (EMEC),4.0,59.1399,-2.8057,Wave and Tidal
The Flit,10.5,51.8046,-1.2940,Solar
The Grange,8.0,51.3720,-2.8763,Solar
The Haven,1.2,52.1290,-2.3184,Wind
The Kickles,5.0,52.0962,-0.7429,Solar
The Limes Wind Turbines,1.7,53.7518,-0.2348,Wind
The Manor of Cadland Estate,5.0,50.8051,-1.3603,Solar
The Michelin Tyre Factory - Ballymena,4.6,54.8728,-6.1986,Wind
The Nurseries  Green Tye,1.2,51.8459,0.0918,Biomass
The Old Airfield,5.0,52.6919,1.1039,Solar
The Rosti Factory,2.2,55.7247,-3.9606,Wind
The Sawmill,6.8,52.8404,-1.0338,Biomass
The Stables,1.8,52.5766,-1.4068,Solar
Thetford,41.5,52.4486,0.7253,Biomass
Thompson House Equestrian farm,5.0,53.5976,-2.6840,Solar
Thorfinn Wind Farm - NM1500,1.5,59.1131,-3.1438,Wind
Thorfinn Wind Farm - NM2000,2.3,59.1090,-3.1404,Wind
Thornborough Grounds (England),4.9929,52.0078,-0.9272,Solar
Thorne Colliery,5.0,53.6350,-0.9350,Solar
Thorne Farm,6.2,51.3386,1.3476,Solar
Thornhill,50.0,53.6908,-1.6291,Gas
Thornog Windfarm,9.2,54.6064,-7.5596,Wind
Thornog Windfarm Extension,9.2,54.6064,-7.5596,Wind
Thornton Lane,2.7,52.6843,-1.3142,Solar
Thornton Power Station,9.0,53.8819,-2.9975,Biomass
Thornton Waste Recovery Park (Waste AD),1.9,53.8948,-3.0151,Biomass
Tiddiecross Solar Farm,10.5,52.7035,-2.5747,Solar
Tiers Cross Solar Farm,24.0,51.7491,-5.0407,Solar
Tievenameenta,34.5,54.7050,-7.5910,Wind
Tilbury Green Power,43.0,51.4604,0.3497,Biomass
Tilmanstone Colliery,10.0,51.2098,1.2764,Solar
Tiln Farm Retford (extension),1.7,53.3482,-0.9281,Solar
Tiln Farm solar park,8.0,53.3468,-0.9294,Solar
Tir Mostyn & Foel Goch,21.25,53.1170,-3.4911,Wind
Tiree,3.0,56.4992,-6.8692,Oil
Tirgwynt,24.6,52.6105,-3.4791,Wind
Tod Hill Farm Wind Turbines,12.0,56.0325,-3.8621,Wind
Toddleburn,27.6,55.7686,-2.8774,Wind
Todmorden,12.5,53.7006,-2.1590,Wind
Toggam Farm,12.5,52.4334,0.5009,Solar
Tollgate Farm,4.3,52.2347,-1.5442,Solar
Tom Nan Clach (redesign),39.0,57.3929,-3.8917,Wind
Tonedale Farm,5.0,50.9798,-3.2480,Solar
Tonge Corner Farm,22.0,51.3551,0.7808,Solar
Tongland,33.0,55.0736,-4.1408,Hydro
Tooleys Farm,5.3,51.8850,0.3944,Solar
Tormywheel,30.8,55.8048,-3.6721,Wind
Torness,1185.0,55.9679,-2.4086,Nuclear
Torr Achilty,15.0,57.5540,-4.5984,Hydro
Torrance Farm,9.0,55.8718,-3.7461,Wind
Torrance Farm Wind Park Extension,5.7,55.8766,-3.7452,Wind
Tow Law,2.3,54.7638,-1.8228,Wind
Tower Hayes Farm,5.0,52.6852,-1.3175,Solar
Tower Hill Farm,8.1,51.5973,-2.4724,Solar
Towerbrook Farm (Banwell Solar Farm),7.2,51.3315,-2.8547,Solar
Townlands of Carrickatane,20.7,54.8949,-7.1997,Wind
Toyota Motor Manufacturing Uk - Deeside,3.8,53.2279,-3.0248,Solar
Toyota Solar Farm,4.6,52.8771,-1.5746,Solar
Trackwork Limited (EfW),3.0,53.5779,-1.0685,Waste
Trecatti,7.0,51.7431,-3.2814,Waste
Tredinnick Fields,5.8,50.4067,-4.7582,Solar
Tredown Solar Farm,1.2,50.6102,-4.2707,Solar
Trefinnick,4.40363,50.5423,-4.3492,Solar
Trefullock Solar Farm,5.0,50.3666,-4.9565,Solar
Tregassow Farm - Solar Modules,6.0,50.3069,-5.0152,Solar
Treguff,3.736465,51.4308,-3.4073,Solar
Trehawke Barton (Doddycross) Solar Farm,9.1,50.4359,-4.3788,Solar
Trelow Farm,1.6,50.4899,-4.9298,Solar
Trench Farm,7.2,52.9454,-2.9179,Solar
Trenouth Farm,3.6,50.4944,-4.9620,Solar
Trenoweth Solar Farm,2.5,50.3973,-4.7489,Solar
Trequite,10.988,50.4263,-4.3656,Solar
Treswarrow Solar Park,6.5,50.5679,-4.8498,Solar
Trethosa Farm Solar Park,4.8,50.3557,-4.8988,Solar
Trevemper,1.6999,50.3949,-5.0693,Solar
Triangle Solar Farm Park,10.0,52.3285,0.3173,Solar
Trickey Warren,4.63197,50.9269,-3.1381,Solar
Trident Park,30.0,51.4726,-3.1506,Waste
Trigon Solar Farm,7.0,50.7108,-2.1739,Solar
Trimdon,5.2,54.7204,-1.4426,Wind
Trinity Hall Farm,1.1,51.9188,-0.5656,Biomass
Troughton Farm,30.0,51.9592,-2.1215,Solar
Trowbridge Sewage Treatment Works,1.2,51.3279,-2.2182,Waste
Trowle Common,5.0,51.3265,-2.2331,Solar
Trumps Farm (AD),2.4,51.3820,-0.5722,Biomass
Trumps Farm Landfill Scheme,2.9,51.3853,-0.5730,Waste
Trysglwyn,5.6,53.3748,-4.3465,Wind
Tullo,17.5,56.9639,-2.2108,Wind
Tullo Wind Farm North Extension (Shiels Wind Farm),7.5,56.8440,-2.4101,Wind
Tullo Wind Farm South (Ext.),10.0,56.8274,-2.4049,Wind
Tully Quarry,3.0,54.8371,-6.1986,Biomass
Tullymurdoch Wind Farm,14.4,56.6549,-3.3134,Wind
Tullynaskeagh,5.1,54.3030,-5.6250,Solar
Tummel,34.0,56.7075,-4.0210,Hydro
Tump Solar Farm,5.0,51.6451,-2.6530,Solar
Turncole,17.5,51.6515,0.8678,Wind
Turret water treatment works,1.9,56.3730,-3.8393,Hydro
Turves Solar Farm (Resubmission),5.0,52.5303,-0.0262,Solar
Turves/Burtnhouse Solar Farm extension,4.7,52.5295,-0.0262,Solar
Turweston Solar Farm,16.7,52.0328,-1.1053,Solar
Tween Bridge,44.0,53.6223,-0.9356,Wind
Twemlows,10.0,52.9379,-2.6436,Solar
Twin Elm Solar Farm,1.0,51.3580,-2.7959,Solar
Twin Rivers,28.7,53.6082,-0.9050,Wind
Twin Yards Solar Farm,5.0,53.1188,-1.3214,Solar
Twinwoods Heat & Power CHP,3.4,52.1926,-0.4911,Waste
Tynemouth Energy Storage System (TESS),25.0,55.0260,-1.5031,Storage
Tyrone Energy 1,2.1,54.8521,-7.4065,Biomass
Tyseley ERF,30.0,52.4557,-1.8499,Waste
Tythegston Landfill Site,1.2,51.4964,-3.6566,Waste
UK Solar (Lower Newton) LLP,11.929,52.9473,-2.0203,Solar
Ufton,1.0,52.2477,-1.4434,Waste
Ugley,1.1,51.9341,0.2168,Waste
Uisge Dubh Hydro,2.0,57.3742,-5.3271,Hydro
Ulnes Walton Energy,1.3,53.6767,-2.7675,Waste
United Mines Landfill Scheme,3.0,50.2390,-5.1778,Waste
Upper Ardgrain Wind Farm,2.4,57.4064,-2.0598,Wind
Upper Clayhill,4.7492,50.9159,0.0554,Solar
Upper Farm solar park,12.0,51.1721,-1.0997,Solar
Upper Holton Wind Farm,11.5,52.3665,1.5311,Wind
Upper Huntingford Farm,7.7,51.6436,-2.4065,Solar
Upper Meadowley Farm,10.7,52.5295,-2.4909,Solar
Upper Pant-Ysgawen Farm/Crumlin,4.9,51.6718,-3.1523,Solar
Upper Wheedlemont Farm,1.7,57.3233,-2.8752,Wind
Upper Wick Solar Farm,5.0,51.6668,-2.4082,Solar
Uskmouth Power,230.0,51.5491,-2.9705,Coal
Uskmouth Power Station,18.0,51.5485,-2.9492,Biomass
VENTNOR ROAD SOLAR PARK,4.8,50.6420,-1.2043,Solar
VPI Immingham,1240.0,53.6366,-0.2395,Cogeneration
Vantage Point,1.4,51.8676,-2.4853,Solar
Verwood Solar Farm,20.4,50.8652,-1.8830,Solar
Vine Farm Solar Park,45.0,52.1112,-0.0691,Solar
Vine Street EfW,9.5,53.6565,-1.7775,Waste
Wadlow,26.0,52.1660,0.3160,Wind
Waen Biogas (Waste AD),1.0,53.2632,-3.4263,Biomass
Walkers Wood Solar Park,27.0,53.3124,-0.9997,Solar
Walkway,14.0,54.6636,-1.3969,Wind
Walland Farm,5.0,50.9758,-4.3468,Solar
Wallingford (Waste AD),2.4,51.6140,-1.1122,Biomass
Wally Corner Landfill Site,7.0,51.6574,-1.1619,Solar
Walmoor Farm solar park,4.0,53.3026,-0.9195,Solar
Walney 1,184.0,54.0394,-3.5158,Wind
Walney 2,184.0,54.0807,-3.6090,Wind
Walney 3,660.0,54.0900,-3.7400,Wind
Walnut Yard (Phase 1),1.8,52.7997,-1.3642,Solar
Walpole Landfill,1.6,51.1839,-2.9829,Waste
Walpole Landfill AD (Waste AD),1.6,51.1839,-2.9829,Biomass
Waltham Point Distribution Centre,1.8,51.6794,-0.0088,Solar
Walton,1.78633,51.4041,-0.3977,Solar
Wambrook Farm,4.1,50.8744,-2.9875,Solar
Wandylaw,20.5,55.5196,-1.7642,Wind
Wapsey's Wood,7.5,51.5902,-0.5963,Waste
Wapsey's Wood II Landfill Site,1.0,51.5905,-0.5954,Waste
Wapsey's Wood III,1.0,51.5896,-0.5954,Waste
Wardlaw Wood,18.0,55.7225,-4.7895,Wind
Waresley Landfill Site,1.6,52.3344,-2.2153,Waste
Warleigh Barton Solar Farm,5.0,50.4344,-4.1618,Solar
Warren Quarry Landfill Gas Scheme,1.9,52.5978,-1.2086,Waste
Warrington Home Solar Scheme,5.3,53.3873,-2.6029,Solar
Watchfield Lawn,10.2,51.2253,-2.9446,Solar
Water Eaton Farm / Port Farm,34.8,51.6433,-1.8178,Solar
Waterditch Solar Farm,18.0,50.7592,-1.7518,Solar
Waterloo solar park,14.6,52.1493,-0.2563,Solar
Watford Lodge,12.5,52.3265,-1.1069,Wind
Wathegar 2 Wind Farm,18.5,58.4352,-3.2159,Wind
Wathegar wind farm,10.0,58.4393,-3.2257,Wind
Watnall,17.0,53.0164,-1.2319,Solar
Waverley Wood II,2.4,52.3395,-1.4716,Waste
Wear Point,8.2,51.7021,-4.9965,Wind
Weddington Farm,2.1,52.2176,-1.4083,Solar
Wedgehill Farm,13.0,50.8613,-1.9008,Solar
Week Farm Solar Park,3.3,50.9517,-4.1195,Solar
Welbeck,11.2608,53.2406,-1.1080,Solar
Welbeck Colliery,9.6,53.2239,-1.1377,Solar
Weldon Phase 1 and 2,4.0,52.4866,-0.6422,Waste
Wellingborough Solar Farm,8.5316,52.2816,-0.6938,Solar
Welton Of Creuchies,9.2,56.6370,-3.2794,Wind
Wern Ddu Wind Farm,9.2,53.0255,-3.4059,Wind
West Bradley,1.029,50.9163,-3.5707,Solar
West Browncastle,30.0,55.6590,-4.2091,Wind
West Burton,2012.0,53.3604,-0.8102,Coal
West Burton CCGT,1332.0,53.3631,-0.7976,Gas
West Burton GT,40.0,53.3631,-0.7976,Gas
West Carclaze Solar Farm,6.5,50.3629,-4.7862,Solar
West Ditchen Farm (resubmission),5.0,50.7238,-4.4054,Solar
West Durham Wind Farm,24.0,54.7638,-1.8150,Wind
West Farm,7.63,51.6987,-4.9012,Solar
West Hall Solar Farm,7.0,51.3949,-3.4049,Solar
West Hill  Flotta,2.0,58.8270,-3.1231,Wind
West Hill Farm,2.4,51.1504,-4.1312,Solar
West Hill Farm (solar),7.3,51.1461,-4.1377,Solar
West Kingsmill Farm Solar Park,1.6,50.4414,-4.2430,Solar
West Knock Wind Cluster,2.4,57.4938,-2.0268,Wind
West Mill,2.5,51.8836,0.2417,Waste
West Quarry,4.5,53.5817,-2.7235,Waste
West Raynham,49.9,52.7905,0.7448,Solar
West Roucan Farm,1.2,55.0951,-3.5336,Biomass
West Strathore Solar Limited,5.0,56.1648,-3.1510,Solar
West Venn Solar Farm (resubmission),5.0,50.7544,-4.2994,Solar
West Woodlands,5.0,51.1948,-2.3184,Solar
West of Duddon Sands,389.0,53.9851,-3.4620,Wind
West of Rhiwfelin Fach Farm,1.5,51.5589,-3.3914,Wind
Westbury (Closed) Landfill Site,3.5,51.2730,-2.1608,Solar
Westbury Landfill Scheme,1.1,51.2724,-2.1705,Waste
Westcott Venture Park,2.0,51.8499,-0.9785,Biomass
Westcott Venture Park Phase 2 & 3,1.3,51.8454,-0.9557,Solar
Westerfield Farm - resubmission,12.5,51.7854,-1.6082,Solar
Westermost Rough,210.0,53.0977,0.5615,Wind
Western International Market,1.7,51.4960,-0.4081,Solar
Western Wood Energy Plant,14.0,51.5675,-3.7626,Biomass
Westfield,9.8,56.1431,-3.2569,Wind
Westfield Biomass Power Station,12.5,56.1417,-3.3051,Biomass
Westfield Farm,5.0,53.8726,-2.7654,Solar
Westmill Farm - PV,5.0,51.6188,-1.6440,Solar
Westmill Qaurry,2.6,51.8222,-0.0574,Waste
Westmill Wind Farm,6.5,51.6158,-1.6661,Wind
Westnewton,6.2,54.7795,-3.3463,Wind
Weston Airfield Wind Turbines,3.6,52.6953,1.0915,Wind
Weston Landfill Site,2.0,52.2244,-1.0194,Waste
Westover Farm - resubmission,7.0,51.1621,-1.5062,Solar
Westwood,9.181,53.2228,-0.9266,Solar
Westwood AD Plant (Farm AD),2.0,52.2622,-0.5634,Biomass
Wether Hill,18.2,55.2231,-4.0452,Wind
Weycock Road,7.0,51.4178,-3.3075,Solar
Wharrels Hill Wind Farm,10.4,54.7231,-3.2746,Wind
Wheal Alfred Road Solar Farm,3.5,50.1769,-5.3872,Solar
Wheal Jane,1.42,50.2376,-5.1228,Solar
Wheat Leasows Solar Park,4.0,52.7207,-2.4863,Solar
Whiddon Farm,1.0,50.7524,-4.2773,Solar
Whinney Hill II Energy,1.8,53.7703,-2.3656,Waste
Whinney Hill Waste Disposal Site,1.2,53.7685,-2.3717,Waste
Whitchurch,6.52,51.2799,-2.5256,Solar
Whitehead Landfill,5.3,53.4918,-2.4491,Waste
Whitelee,322.0,55.6812,-4.2791,Wind
Whitelee 2,217.02,55.6772,-4.2868,Wind
Whitelee Windfarm Extension phase 2,109.0,55.6394,-4.3176,Wind
Whitemill Wind Farm,14.0,52.5926,0.1406,Wind
Whitemoor,18.0,53.8146,-0.9922,Biomass
Whiteparish,1.1,51.0195,-1.6949,Waste
Whites Landfill Site (Canford),6.0,50.7681,-1.9588,Waste
Whiteside Hill,25.3,55.3574,-4.0294,Wind
Whitley (Ashcott Farm) Solar Park,7.5702,51.1303,-2.7953,Solar
Whitley Farm (2 of 2),3.5,51.1285,-2.7844,Solar
Whitman Laboratories,1.0,51.0060,-0.9515,Solar
Whittlesey,9.0,52.5580,-0.1719,Wind
Whitton Mawr,6.0,51.4413,-3.3240,Solar
Wick Farm (Burnham on Crouch),5.0,51.6272,0.8430,Solar
Wick Farm Solar Park,14.6,51.2871,-2.9813,Solar
Wick Lane Solar Ltd,2.8,51.2698,-2.9624,Solar
Wickfield Farm,5.0,51.5415,-1.8708,Solar
Widehurst Farm,5.0,51.1593,0.5089,Solar
Widnes 3MG Biomass/Mersey Bioenergy (CHP) Plant,20.0,53.3546,-2.7513,Biomass
Wiggin Hill Solar Farm - Phase 1,6.8,52.3557,-0.0774,Solar
Wiggin Hill Solar Farm - Phase 2,4.1,52.3560,-0.0785,Solar
Wigley Farm,1.1,52.3867,-2.6987,Biomass
Wilbees Farm (resubmission),5.0,50.8404,0.1907,Solar
Wilburton,4.99,52.3449,0.1662,Solar
Willand AD,2.0,50.8923,-3.3801,Biomass
Willersey solar farm,1.0,52.0545,-1.8476,Storage
William's Farm,4.20464,53.0290,-2.9213,Solar
Willsland Solar farm,3.2,50.8166,-4.1300,Solar
Wilmingham Lane Solar Farm,7.0,50.6872,-1.4855,Solar
Wilnecote Landfill Site,1.0,52.6019,-1.6840,Waste
Wilsom Farm,11.0,51.1424,-0.9501,Solar
Wilton,9.484,50.4016,-4.3787,Solar
Wilton 10,38.0,54.5674,-1.0967,Biomass
Wilton 11 EfW,49.0,54.5674,-1.0967,Waste
Wind Farm Africa Alive,4.1,52.4148,1.7028,Wind
Wind Turbine 1,2.3,54.6879,-6.0196,Wind
Windy Standard,21.6,55.2971,-4.1829,Wind
Windy Standard II Wind Farm (Brockloch Rig Phase 1),61.5,55.2922,-4.2031,Wind
Windyhill Road (Dunbeg) Wind Farm,42.0,55.0804,-6.8886,Wind
Wingates,15.0,55.2753,-1.7964,Wind
Wingmoor Farm (Waste AD),1.6,51.9461,-2.0833,Biomass
Winham Farm - resubmission,5.0,50.8245,-3.3974,Solar
Winnard's Perch,3.5,50.4626,-4.9260,Solar
Winnards Perch Solar Farm,3.8,50.4624,-4.9199,Solar
Winscales Moor,6.0,54.6423,-3.4968,Wind
Winsdon Farm,5.0,50.6980,-4.4494,Solar
Winterbrook,1.2,51.5868,-1.1314,Solar
Winterton Landfill Site,3.8,53.6694,-0.6181,Waste
Winwick,12.3,52.3657,-1.0622,Wind
Wisbech Solar Park,3.40472,52.6379,0.1621,Solar
Wisbridge Farm,9.3,52.0080,-0.0134,Solar
Witches Solar Farm,5.0,51.9733,-2.6747,Solar
Withernwick,18.0,53.8457,-0.1726,Wind
Withernwick extension,8.2,53.8590,-0.1656,Wind
Withnell LFS,2.3,53.7113,-2.5486,Waste
Withyhedge Generation Plant,2.4,51.8577,-4.9522,Waste
Wix Lodge,18.7,51.9128,1.1241,Solar
Woden Park,4.992,51.4679,-3.2432,Solar
Wogaston Solar Farm,5.3,51.6685,-5.0209,Solar
Wolf Bog,10.0,54.8043,-6.0806,Wind
Wolseley National Distribution Centre,2.0,52.2736,-1.5357,Solar
Wolverhampton EfW,8.0,52.5969,-2.1250,Waste
Woodforde Farm,9.0,52.6980,1.0900,Solar
Woodhouse Fields Farm,5.0,52.9491,-1.8698,Solar
Woodlands Barton Solar Farm,4.9,50.4239,-4.8051,Solar
Woodlands Barton Wind Project,4.6,50.4253,-4.8141,Wind
Woodlands Farm Solar Park,10.0,51.3252,1.1240,Solar
Woodlands Wind Farm,2.6,55.6333,-3.9105,Wind
Woodtown,2.719,50.7762,-1.8718,Solar
Woolbridge Solar Park,5.0,50.6886,-2.2235,Solar
Woolley Hill,10.0,52.3398,-0.3080,Wind
Wooton,2.0,52.1925,-0.8881,Waste
Workington (Eastman),4.0,54.6712,-3.5401,Wind
Worksopp,2.0,53.2998,-1.0757,Wind
Worleston,3.7,53.1088,-2.5033,Solar
Wormit Solar Farm,4.0,56.4157,-2.9627,Solar
Worsted Farm,5.0,51.1245,0.0155,Solar
Wothersome Grange Farm House AD - crops,1.0,53.8770,-1.3939,Biomass
Wraysbury Landfill,4.8,51.4478,-0.5433,Solar
Wrexham Social Housing PV,5.4,53.0409,-2.9899,Solar
Wroughton Airfield Solar Park,50.0,51.5104,-1.8124,Solar
Wryde Croft,26.0,52.6422,-0.0323,Wind
Wyke Farms Biogas (Farm AD),1.0,51.1117,-2.4819,Biomass
Wyld Meadow Solar Park,4.8384,50.7792,-2.9354,Solar
Wymeswold Airfield,34.0,52.8033,-1.1116,Solar
Wythegill,1.5,54.6741,-3.5231,Wind
Yarburgh,8.0861,53.4075,0.0188,Solar
Yardwall Manor,3.0,51.2217,-2.9116,Solar
Yelvertoft,16.4,52.3748,-1.1511,Wind
Yerbeston Gate Farm,6.1,51.7473,-4.7945,Solar
Yonderton Farm,1.0,57.4308,-1.9419,Wind
Yonderton Wind Cluster,4.6,57.5870,-2.4166,Wind
Yorkley Solar Park,5.0,51.7459,-2.5356,Solar
Ystgellog Farm Wind Farm,4.6,53.3938,-4.4003,Wind
